ensembl_version_id,GENEID,SYMBOL,GENEBIOTYPE,INPUT
ENSG00000012779.5,ENSG00000012779,ALOX5,protein_coding,ENSG00000012779.5 (ALOX5)
ENSG00000014919.7,ENSG00000014919,COX15,protein_coding,ENSG00000014919.7 (COX15)
ENSG00000015171.13,ENSG00000015171,ZMYND11,protein_coding,ENSG00000015171.13 (ZMYND11)
ENSG00000019995.6,ENSG00000019995,ZRANB1,protein_coding,ENSG00000019995.6 (ZRANB1)
ENSG00000023041.7,ENSG00000023041,ZDHHC6,protein_coding,ENSG00000023041.7 (ZDHHC6)
ENSG00000023839.6,ENSG00000023839,ABCC2,protein_coding,ENSG00000023839.6 (ABCC2)
ENSG00000026025.8,ENSG00000026025,VIM,protein_coding,ENSG00000026025.8 (VIM)
ENSG00000026103.14,ENSG00000026103,FAS,protein_coding,ENSG00000026103.14 (FAS)
ENSG00000035403.10,ENSG00000035403,VCL,protein_coding,ENSG00000035403.10 (VCL)
ENSG00000042286.9,ENSG00000042286,AIFM2,protein_coding,ENSG00000042286.9 (AIFM2)
ENSG00000043591.4,ENSG00000043591,ADRB1,protein_coding,ENSG00000043591.4 (ADRB1)
ENSG00000047056.10,ENSG00000047056,WDR37,protein_coding,ENSG00000047056.10 (WDR37)
ENSG00000048740.10,ENSG00000048740,CELF2,protein_coding,ENSG00000048740.10 (CELF2)
ENSG00000052749.9,ENSG00000052749,RRP12,protein_coding,ENSG00000052749.9 (RRP12)
ENSG00000055950.12,ENSG00000055950,MRPL43,protein_coding,ENSG00000055950.12 (MRPL43)
ENSG00000057608.10,ENSG00000057608,GDI2,protein_coding,ENSG00000057608.10 (GDI2)
ENSG00000059573.4,ENSG00000059573,ALDH18A1,protein_coding,ENSG00000059573.4 (ALDH18A1)
ENSG00000059915.10,ENSG00000059915,PSD,protein_coding,ENSG00000059915.10 (PSD)
ENSG00000060339.8,ENSG00000060339,CCAR1,protein_coding,ENSG00000060339.8 (CCAR1)
ENSG00000062650.11,ENSG00000062650,WAPAL,protein_coding,ENSG00000062650.11 (WAPAL)
ENSG00000065154.7,ENSG00000065154,OAT,protein_coding,ENSG00000065154.7 (OAT)
ENSG00000065328.11,ENSG00000065328,MCM10,protein_coding,ENSG00000065328.11 (MCM10)
ENSG00000065613.9,ENSG00000065613,SLK,protein_coding,ENSG00000065613.9 (SLK)
ENSG00000065621.8,ENSG00000065621,GSTO2,protein_coding,ENSG00000065621.8 (GSTO2)
ENSG00000065665.15,ENSG00000065665,SEC61A2,protein_coding,ENSG00000065665.15 (SEC61A2)
ENSG00000065675.9,ENSG00000065675,PRKCQ,protein_coding,ENSG00000065675.9 (PRKCQ)
ENSG00000065809.8,ENSG00000065809,FAM107B,protein_coding,ENSG00000065809.8 (FAM107B)
ENSG00000067057.10,ENSG00000067057,PFKP,protein_coding,ENSG00000067057.10 (PFKP)
ENSG00000067064.6,ENSG00000067064,IDI1,protein_coding,ENSG00000067064.6 (IDI1)
ENSG00000067082.9,ENSG00000067082,KLF6,protein_coding,ENSG00000067082.9 (KLF6)
ENSG00000068383.12,ENSG00000068383,INPP5A,protein_coding,ENSG00000068383.12 (INPP5A)
ENSG00000072401.9,ENSG00000072401,UBE2D1,protein_coding,ENSG00000072401.9 (UBE2D1)
ENSG00000072422.11,ENSG00000072422,RHOBTB1,protein_coding,ENSG00000072422.11 (RHOBTB1)
ENSG00000072444.9,ENSG00000072444,NA,NA,ENSG00000072444.9
ENSG00000075073.10,ENSG00000075073,TACR2,protein_coding,ENSG00000075073.10 (TACR2)
ENSG00000075290.7,ENSG00000075290,WNT8B,protein_coding,ENSG00000075290.7 (WNT8B)
ENSG00000075407.11,ENSG00000075407,ZNF37A,protein_coding,ENSG00000075407.11 (ZNF37A)
ENSG00000075826.11,ENSG00000075826,SEC31B,protein_coding,ENSG00000075826.11 (SEC31B)
ENSG00000076685.13,ENSG00000076685,NT5C2,protein_coding,ENSG00000076685.13 (NT5C2)
ENSG00000077147.10,ENSG00000077147,TM9SF3,protein_coding,ENSG00000077147.10 (TM9SF3)
ENSG00000077150.12,ENSG00000077150,NFKB2,protein_coding,ENSG00000077150.12 (NFKB2)
ENSG00000077327.9,ENSG00000077327,SPAG6,protein_coding,ENSG00000077327.9 (SPAG6)
ENSG00000077420.9,ENSG00000077420,APBB1IP,protein_coding,ENSG00000077420.9 (APBB1IP)
ENSG00000078114.13,ENSG00000078114,NEBL,protein_coding,ENSG00000078114.13 (NEBL)
ENSG00000078403.11,ENSG00000078403,MLLT10,protein_coding,ENSG00000078403.11 (MLLT10)
ENSG00000079332.7,ENSG00000079332,SAR1A,protein_coding,ENSG00000079332.7 (SAR1A)
ENSG00000086475.9,ENSG00000086475,SEPHS1,protein_coding,ENSG00000086475.9 (SEPHS1)
ENSG00000089876.7,ENSG00000089876,DHX32,protein_coding,ENSG00000089876.7 (DHX32)
ENSG00000095464.8,ENSG00000095464,PDE6C,protein_coding,ENSG00000095464.8 (PDE6C)
ENSG00000095485.11,ENSG00000095485,CWF19L1,protein_coding,ENSG00000095485.11 (CWF19L1)
ENSG00000095539.10,ENSG00000095539,SEMA4G,protein_coding,ENSG00000095539.10 (SEMA4G)
ENSG00000095564.8,ENSG00000095564,BTAF1,protein_coding,ENSG00000095564.8 (BTAF1)
ENSG00000095574.7,ENSG00000095574,IKZF5,protein_coding,ENSG00000095574.7 (IKZF5)
ENSG00000095585.10,ENSG00000095585,BLNK,protein_coding,ENSG00000095585.10 (BLNK)
ENSG00000095587.7,ENSG00000095587,TLL2,protein_coding,ENSG00000095587.7 (TLL2)
ENSG00000095637.13,ENSG00000095637,SORBS1,protein_coding,ENSG00000095637.13 (SORBS1)
ENSG00000095739.6,ENSG00000095739,BAMBI,protein_coding,ENSG00000095739.6 (BAMBI)
ENSG00000095787.14,ENSG00000095787,WAC,protein_coding,ENSG00000095787.14 (WAC)
ENSG00000095794.14,ENSG00000095794,CREM,protein_coding,ENSG00000095794.14 (CREM)
ENSG00000096717.7,ENSG00000096717,SIRT1,protein_coding,ENSG00000096717.7 (SIRT1)
ENSG00000096746.12,ENSG00000096746,HNRNPH3,protein_coding,ENSG00000096746.12 (HNRNPH3)
ENSG00000099194.4,ENSG00000099194,SCD,protein_coding,ENSG00000099194.4 (SCD)
ENSG00000099204.12,ENSG00000099204,ABLIM1,protein_coding,ENSG00000099204.12 (ABLIM1)
ENSG00000099246.10,ENSG00000099246,RAB18,protein_coding,ENSG00000099246.10 (RAB18)
ENSG00000099250.10,ENSG00000099250,NRP1,protein_coding,ENSG00000099250.10 (NRP1)
ENSG00000099251.10,ENSG00000099251,HSD17B7P2,transcribed_unprocessed_pseudogene,ENSG00000099251.10 (HSD17B7P2)
ENSG00000099256.12,ENSG00000099256,PRTFDC1,protein_coding,ENSG00000099256.12 (PRTFDC1)
ENSG00000099282.4,ENSG00000099282,TSPAN15,protein_coding,ENSG00000099282.4 (TSPAN15)
ENSG00000099284.7,ENSG00000099284,H2AFY2,protein_coding,ENSG00000099284.7 (H2AFY2)
ENSG00000099290.10,ENSG00000099290,FAM21A,protein_coding,ENSG00000099290.10 (FAM21A)
ENSG00000105988.6,ENSG00000105988,NHP2P1,processed_pseudogene,ENSG00000105988.6 (NHP2P1)
ENSG00000107438.4,ENSG00000107438,PDLIM1,protein_coding,ENSG00000107438.4 (PDLIM1)
ENSG00000107443.10,ENSG00000107443,CCNJ,protein_coding,ENSG00000107443.10 (CCNJ)
ENSG00000107447.4,ENSG00000107447,DNTT,protein_coding,ENSG00000107447.4 (DNTT)
ENSG00000107485.10,ENSG00000107485,GATA3,protein_coding,ENSG00000107485.10 (GATA3)
ENSG00000107518.11,ENSG00000107518,ATRNL1,protein_coding,ENSG00000107518.11 (ATRNL1)
ENSG00000107521.13,ENSG00000107521,HPS1,protein_coding,ENSG00000107521.13 (HPS1)
ENSG00000107537.9,ENSG00000107537,PHYH,protein_coding,ENSG00000107537.9 (PHYH)
ENSG00000107551.13,ENSG00000107551,RASSF4,protein_coding,ENSG00000107551.13 (RASSF4)
ENSG00000107554.10,ENSG00000107554,DNMBP,protein_coding,ENSG00000107554.10 (DNMBP)
ENSG00000107560.6,ENSG00000107560,RAB11FIP2,protein_coding,ENSG00000107560.6 (RAB11FIP2)
ENSG00000107562.12,ENSG00000107562,CXCL12,protein_coding,ENSG00000107562.12 (CXCL12)
ENSG00000107566.8,ENSG00000107566,ERLIN1,protein_coding,ENSG00000107566.8 (ERLIN1)
ENSG00000107581.6,ENSG00000107581,EIF3A,protein_coding,ENSG00000107581.6 (EIF3A)
ENSG00000107611.9,ENSG00000107611,CUBN,protein_coding,ENSG00000107611.9 (CUBN)
ENSG00000107614.16,ENSG00000107614,TRDMT1,protein_coding,ENSG00000107614.16 (TRDMT1)
ENSG00000107625.6,ENSG00000107625,DDX50,protein_coding,ENSG00000107625.6 (DDX50)
ENSG00000107643.10,ENSG00000107643,MAPK8,protein_coding,ENSG00000107643.10 (MAPK8)
ENSG00000107651.8,ENSG00000107651,SEC23IP,protein_coding,ENSG00000107651.8 (SEC23IP)
ENSG00000107669.12,ENSG00000107669,ATE1,protein_coding,ENSG00000107669.12 (ATE1)
ENSG00000107672.8,ENSG00000107672,NSMCE4A,protein_coding,ENSG00000107672.8 (NSMCE4A)
ENSG00000107679.9,ENSG00000107679,PLEKHA1,protein_coding,ENSG00000107679.9 (PLEKHA1)
ENSG00000107719.7,ENSG00000107719,PALD1,protein_coding,ENSG00000107719.7 (PALD1)
ENSG00000107731.8,ENSG00000107731,UNC5B,protein_coding,ENSG00000107731.8 (UNC5B)
ENSG00000107736.13,ENSG00000107736,CDH23,protein_coding,ENSG00000107736.13 (CDH23)
ENSG00000107738.12,ENSG00000107738,C10orf54,protein_coding,ENSG00000107738.12 (C10orf54)
ENSG00000107742.7,ENSG00000107742,SPOCK2,protein_coding,ENSG00000107742.7 (SPOCK2)
ENSG00000107745.10,ENSG00000107745,MICU1,protein_coding,ENSG00000107745.10 (MICU1)
ENSG00000107758.9,ENSG00000107758,PPP3CB,protein_coding,ENSG00000107758.9 (PPP3CB)
ENSG00000107771.11,ENSG00000107771,CCSER2,protein_coding,ENSG00000107771.11 (CCSER2)
ENSG00000107779.5,ENSG00000107779,BMPR1A,protein_coding,ENSG00000107779.5 (BMPR1A)
ENSG00000107789.10,ENSG00000107789,MINPP1,protein_coding,ENSG00000107789.10 (MINPP1)
ENSG00000107796.7,ENSG00000107796,ACTA2,protein_coding,ENSG00000107796.7 (ACTA2)
ENSG00000107798.11,ENSG00000107798,LIPA,protein_coding,ENSG00000107798.11 (LIPA)
ENSG00000107815.3,ENSG00000107815,C10orf2,protein_coding,ENSG00000107815.3 (C10orf2)
ENSG00000107816.11,ENSG00000107816,LZTS2,protein_coding,ENSG00000107816.11 (LZTS2)
ENSG00000107819.8,ENSG00000107819,SFXN3,protein_coding,ENSG00000107819.8 (SFXN3)
ENSG00000107821.8,ENSG00000107821,KAZALD1,protein_coding,ENSG00000107821.8 (KAZALD1)
ENSG00000107829.8,ENSG00000107829,FBXW4,protein_coding,ENSG00000107829.8 (FBXW4)
ENSG00000107831.7,ENSG00000107831,FGF8,protein_coding,ENSG00000107831.7 (FGF8)
ENSG00000107833.6,ENSG00000107833,NPM3,protein_coding,ENSG00000107833.6 (NPM3)
ENSG00000107854.5,ENSG00000107854,TNKS2,protein_coding,ENSG00000107854.5 (TNKS2)
ENSG00000107862.4,ENSG00000107862,GBF1,protein_coding,ENSG00000107862.4 (GBF1)
ENSG00000107863.10,ENSG00000107863,ARHGAP21,protein_coding,ENSG00000107863.10 (ARHGAP21)
ENSG00000107864.8,ENSG00000107864,CPEB3,protein_coding,ENSG00000107864.8 (CPEB3)
ENSG00000107872.8,ENSG00000107872,FBXL15,protein_coding,ENSG00000107872.8 (FBXL15)
ENSG00000107874.5,ENSG00000107874,CUEDC2,protein_coding,ENSG00000107874.5 (CUEDC2)
ENSG00000107882.7,ENSG00000107882,SUFU,protein_coding,ENSG00000107882.7 (SUFU)
ENSG00000107890.12,ENSG00000107890,ANKRD26,protein_coding,ENSG00000107890.12 (ANKRD26)
ENSG00000107897.13,ENSG00000107897,ACBD5,protein_coding,ENSG00000107897.13 (ACBD5)
ENSG00000107902.9,ENSG00000107902,LHPP,protein_coding,ENSG00000107902.9 (LHPP)
ENSG00000107929.9,ENSG00000107929,LARP4B,protein_coding,ENSG00000107929.9 (LARP4B)
ENSG00000107937.13,ENSG00000107937,GTPBP4,protein_coding,ENSG00000107937.13 (GTPBP4)
ENSG00000107938.12,ENSG00000107938,EDRF1,protein_coding,ENSG00000107938.12 (EDRF1)
ENSG00000107949.11,ENSG00000107949,BCCIP,protein_coding,ENSG00000107949.11 (BCCIP)
ENSG00000107951.7,ENSG00000107951,MTPAP,protein_coding,ENSG00000107951.7 (MTPAP)
ENSG00000107954.6,ENSG00000107954,NEURL1,protein_coding,ENSG00000107954.6 (NEURL1)
ENSG00000107957.10,ENSG00000107957,SH3PXD2A,protein_coding,ENSG00000107957.10 (SH3PXD2A)
ENSG00000107959.9,ENSG00000107959,PITRM1,protein_coding,ENSG00000107959.9 (PITRM1)
ENSG00000107960.6,ENSG00000107960,OBFC1,protein_coding,ENSG00000107960.6 (OBFC1)
ENSG00000107968.4,ENSG00000107968,MAP3K8,protein_coding,ENSG00000107968.4 (MAP3K8)
ENSG00000108010.7,ENSG00000108010,GLRX3,protein_coding,ENSG00000108010.7 (GLRX3)
ENSG00000108021.13,ENSG00000108021,FAM208B,protein_coding,ENSG00000108021.13 (FAM208B)
ENSG00000108039.12,ENSG00000108039,XPNPEP1,protein_coding,ENSG00000108039.12 (XPNPEP1)
ENSG00000108055.9,ENSG00000108055,SMC3,protein_coding,ENSG00000108055.9 (SMC3)
ENSG00000108061.7,ENSG00000108061,SHOC2,protein_coding,ENSG00000108061.7 (SHOC2)
ENSG00000108064.6,ENSG00000108064,TFAM,protein_coding,ENSG00000108064.6 (TFAM)
ENSG00000108091.10,ENSG00000108091,CCDC6,protein_coding,ENSG00000108091.10 (CCDC6)
ENSG00000108094.9,ENSG00000108094,CUL2,protein_coding,ENSG00000108094.9 (CUL2)
ENSG00000108100.12,ENSG00000108100,CCNY,protein_coding,ENSG00000108100.12 (CCNY)
ENSG00000108175.11,ENSG00000108175,ZMIZ1,protein_coding,ENSG00000108175.11 (ZMIZ1)
ENSG00000108176.8,ENSG00000108176,DNAJC12,protein_coding,ENSG00000108176.8 (DNAJC12)
ENSG00000108179.8,ENSG00000108179,PPIF,protein_coding,ENSG00000108179.8 (PPIF)
ENSG00000108187.9,ENSG00000108187,PBLD,protein_coding,ENSG00000108187.9 (PBLD)
ENSG00000108219.8,ENSG00000108219,TSPAN14,protein_coding,ENSG00000108219.8 (TSPAN14)
ENSG00000108239.7,ENSG00000108239,TBC1D12,protein_coding,ENSG00000108239.7 (TBC1D12)
ENSG00000108242.7,ENSG00000108242,CYP2C18,protein_coding,ENSG00000108242.7 (CYP2C18)
ENSG00000119906.6,ENSG00000119906,FAM178A,protein_coding,ENSG00000119906.6 (FAM178A)
ENSG00000119912.10,ENSG00000119912,IDE,protein_coding,ENSG00000119912.10 (IDE)
ENSG00000119915.4,ENSG00000119915,ELOVL3,protein_coding,ENSG00000119915.4 (ELOVL3)
ENSG00000119917.8,ENSG00000119917,IFIT3,protein_coding,ENSG00000119917.8 (IFIT3)
ENSG00000119922.7,ENSG00000119922,IFIT2,protein_coding,ENSG00000119922.7 (IFIT2)
ENSG00000119927.9,ENSG00000119927,GPAM,protein_coding,ENSG00000119927.9 (GPAM)
ENSG00000119929.8,ENSG00000119929,CUTC,protein_coding,ENSG00000119929.8 (CUTC)
ENSG00000119938.7,ENSG00000119938,PPP1R3C,protein_coding,ENSG00000119938.7 (PPP1R3C)
ENSG00000119943.6,ENSG00000119943,PYROXD2,protein_coding,ENSG00000119943.6 (PYROXD2)
ENSG00000119946.8,ENSG00000119946,CNNM1,protein_coding,ENSG00000119946.8 (CNNM1)
ENSG00000119950.14,ENSG00000119950,MXI1,protein_coding,ENSG00000119950.14 (MXI1)
ENSG00000119953.7,ENSG00000119953,SMNDC1,protein_coding,ENSG00000119953.7 (SMNDC1)
ENSG00000119965.8,ENSG00000119965,C10orf88,protein_coding,ENSG00000119965.8 (C10orf88)
ENSG00000119969.10,ENSG00000119969,HELLS,protein_coding,ENSG00000119969.10 (HELLS)
ENSG00000119977.13,ENSG00000119977,TCTN3,protein_coding,ENSG00000119977.13 (TCTN3)
ENSG00000119979.9,ENSG00000119979,FAM45A,protein_coding,ENSG00000119979.9 (FAM45A)
ENSG00000119986.6,ENSG00000119986,AVPI1,protein_coding,ENSG00000119986.6 (AVPI1)
ENSG00000120008.10,ENSG00000120008,WDR11,protein_coding,ENSG00000120008.10 (WDR11)
ENSG00000120029.7,ENSG00000120029,C10orf76,protein_coding,ENSG00000120029.7 (C10orf76)
ENSG00000120049.12,ENSG00000120049,KCNIP2,protein_coding,ENSG00000120049.12 (KCNIP2)
ENSG00000120051.10,ENSG00000120051,CFAP58,protein_coding,ENSG00000120051.10 (CFAP58)
ENSG00000120053.8,ENSG00000120053,GOT1,protein_coding,ENSG00000120053.8 (GOT1)
ENSG00000120055.4,ENSG00000120055,C10orf95,lincRNA,ENSG00000120055.4 (C10orf95)
ENSG00000120539.9,ENSG00000120539,MASTL,protein_coding,ENSG00000120539.9 (MASTL)
ENSG00000120549.10,ENSG00000120549,KIAA1217,protein_coding,ENSG00000120549.10 (KIAA1217)
ENSG00000120555.7,ENSG00000120555,SEPT7P9,transcribed_unprocessed_pseudogene,ENSG00000120555.7 (SEPT7P9)
ENSG00000120594.9,ENSG00000120594,PLXDC2,protein_coding,ENSG00000120594.9 (PLXDC2)
ENSG00000120616.11,ENSG00000120616,EPC1,protein_coding,ENSG00000120616.11 (EPC1)
ENSG00000121898.6,ENSG00000121898,CPXM2,protein_coding,ENSG00000121898.6 (CPXM2)
ENSG00000122359.11,ENSG00000122359,ANXA11,protein_coding,ENSG00000122359.11 (ANXA11)
ENSG00000122367.14,ENSG00000122367,LDB3,protein_coding,ENSG00000122367.14 (LDB3)
ENSG00000122376.6,ENSG00000122376,FAM35A,protein_coding,ENSG00000122376.6 (FAM35A)
ENSG00000122378.9,ENSG00000122378,FAM213A,protein_coding,ENSG00000122378.9 (FAM213A)
ENSG00000122852.9,ENSG00000122852,SFTPA1,protein_coding,ENSG00000122852.9 (SFTPA1)
ENSG00000122859.4,ENSG00000122859,NEUROG3,protein_coding,ENSG00000122859.4 (NEUROG3)
ENSG00000122861.9,ENSG00000122861,PLAU,protein_coding,ENSG00000122861.9 (PLAU)
ENSG00000122862.4,ENSG00000122862,SRGN,protein_coding,ENSG00000122862.4 (SRGN)
ENSG00000122863.5,ENSG00000122863,CHST3,protein_coding,ENSG00000122863.5 (CHST3)
ENSG00000122873.6,ENSG00000122873,CISD1,protein_coding,ENSG00000122873.6 (CISD1)
ENSG00000122877.7,ENSG00000122877,EGR2,protein_coding,ENSG00000122877.7 (EGR2)
ENSG00000122882.5,ENSG00000122882,ECD,protein_coding,ENSG00000122882.5 (ECD)
ENSG00000122884.7,ENSG00000122884,P4HA1,protein_coding,ENSG00000122884.7 (P4HA1)
ENSG00000122912.9,ENSG00000122912,SLC25A16,protein_coding,ENSG00000122912.9 (SLC25A16)
ENSG00000122952.11,ENSG00000122952,ZWINT,protein_coding,ENSG00000122952.11 (ZWINT)
ENSG00000122958.9,ENSG00000122958,VPS26A,protein_coding,ENSG00000122958.9 (VPS26A)
ENSG00000123240.10,ENSG00000123240,OPTN,protein_coding,ENSG00000123240.10 (OPTN)
ENSG00000123243.10,ENSG00000123243,ITIH5,protein_coding,ENSG00000123243.10 (ITIH5)
ENSG00000127884.4,ENSG00000127884,ECHS1,protein_coding,ENSG00000127884.4 (ECHS1)
ENSG00000128805.9,ENSG00000128805,ARHGAP22,protein_coding,ENSG00000128805.9 (ARHGAP22)
ENSG00000128815.11,ENSG00000128815,WDFY4,protein_coding,ENSG00000128815.11 (WDFY4)
ENSG00000130640.8,ENSG00000130640,TUBGCP2,protein_coding,ENSG00000130640.8 (TUBGCP2)
ENSG00000130649.5,ENSG00000130649,CYP2E1,protein_coding,ENSG00000130649.5 (CYP2E1)
ENSG00000132334.11,ENSG00000132334,PTPRE,protein_coding,ENSG00000132334.11 (PTPRE)
ENSG00000133678.9,ENSG00000133678,TMEM254,protein_coding,ENSG00000133678.9 (TMEM254)
ENSG00000134452.12,ENSG00000134452,FBXO18,protein_coding,ENSG00000134452.12 (FBXO18)
ENSG00000134453.9,ENSG00000134453,RBM17,protein_coding,ENSG00000134453.9 (RBM17)
ENSG00000134460.9,ENSG00000134460,IL2RA,protein_coding,ENSG00000134460.9 (IL2RA)
ENSG00000134461.9,ENSG00000134461,ANKRD16,protein_coding,ENSG00000134461.9 (ANKRD16)
ENSG00000134463.10,ENSG00000134463,ECHDC3,protein_coding,ENSG00000134463.10 (ECHDC3)
ENSG00000134470.12,ENSG00000134470,IL15RA,protein_coding,ENSG00000134470.12 (IL15RA)
ENSG00000136738.8,ENSG00000136738,STAM,protein_coding,ENSG00000136738.8 (STAM)
ENSG00000136754.12,ENSG00000136754,ABI1,protein_coding,ENSG00000136754.12 (ABI1)
ENSG00000136758.12,ENSG00000136758,YME1L1,protein_coding,ENSG00000136758.12 (YME1L1)
ENSG00000136770.6,ENSG00000136770,DNAJC1,protein_coding,ENSG00000136770.6 (DNAJC1)
ENSG00000138107.6,ENSG00000138107,ACTR1A,protein_coding,ENSG00000138107.6 (ACTR1A)
ENSG00000138111.7,ENSG00000138111,TMEM180,protein_coding,ENSG00000138111.7 (TMEM180)
ENSG00000138115.7,ENSG00000138115,CYP2C8,protein_coding,ENSG00000138115.7 (CYP2C8)
ENSG00000138119.11,ENSG00000138119,MYOF,protein_coding,ENSG00000138119.11 (MYOF)
ENSG00000138131.3,ENSG00000138131,LOXL4,protein_coding,ENSG00000138131.3 (LOXL4)
ENSG00000138134.7,ENSG00000138134,STAMBPL1,protein_coding,ENSG00000138134.7 (STAMBPL1)
ENSG00000138138.8,ENSG00000138138,ATAD1,protein_coding,ENSG00000138138.8 (ATAD1)
ENSG00000138160.4,ENSG00000138160,KIF11,protein_coding,ENSG00000138160.4 (KIF11)
ENSG00000138161.8,ENSG00000138161,CUZD1,protein_coding,ENSG00000138161.8 (CUZD1)
ENSG00000138162.11,ENSG00000138162,TACC2,protein_coding,ENSG00000138162.11 (TACC2)
ENSG00000138166.4,ENSG00000138166,DUSP5,protein_coding,ENSG00000138166.4 (DUSP5)
ENSG00000138172.6,ENSG00000138172,CALHM2,protein_coding,ENSG00000138172.6 (CALHM2)
ENSG00000138175.7,ENSG00000138175,ARL3,protein_coding,ENSG00000138175.7 (ARL3)
ENSG00000138180.10,ENSG00000138180,CEP55,protein_coding,ENSG00000138180.10 (CEP55)
ENSG00000138182.9,ENSG00000138182,KIF20B,protein_coding,ENSG00000138182.9 (KIF20B)
ENSG00000138185.11,ENSG00000138185,ENTPD1,protein_coding,ENSG00000138185.11 (ENTPD1)
ENSG00000138190.12,ENSG00000138190,EXOC6,protein_coding,ENSG00000138190.12 (EXOC6)
ENSG00000138193.8,ENSG00000138193,PLCE1,protein_coding,ENSG00000138193.8 (PLCE1)
ENSG00000138279.10,ENSG00000138279,ANXA7,protein_coding,ENSG00000138279.10 (ANXA7)
ENSG00000138286.8,ENSG00000138286,FAM149B1,protein_coding,ENSG00000138286.8 (FAM149B1)
ENSG00000138293.14,ENSG00000138293,NA,NA,ENSG00000138293.14
ENSG00000138297.8,ENSG00000138297,NA,NA,ENSG00000138297.8
ENSG00000138303.11,ENSG00000138303,ASCC1,protein_coding,ENSG00000138303.11 (ASCC1)
ENSG00000138311.11,ENSG00000138311,ZNF365,protein_coding,ENSG00000138311.11 (ZNF365)
ENSG00000138316.6,ENSG00000138316,ADAMTS14,protein_coding,ENSG00000138316.6 (ADAMTS14)
ENSG00000138326.12,ENSG00000138326,RPS24,protein_coding,ENSG00000138326.12 (RPS24)
ENSG00000138336.7,ENSG00000138336,TET1,protein_coding,ENSG00000138336.7 (TET1)
ENSG00000138346.9,ENSG00000138346,DNA2,protein_coding,ENSG00000138346.9 (DNA2)
ENSG00000138347.10,ENSG00000138347,MYPN,protein_coding,ENSG00000138347.10 (MYPN)
ENSG00000148377.5,ENSG00000148377,IDI2,protein_coding,ENSG00000148377.5 (IDI2)
ENSG00000148426.6,ENSG00000148426,PROSER2,protein_coding,ENSG00000148426.6 (PROSER2)
ENSG00000148429.7,ENSG00000148429,USP6NL,protein_coding,ENSG00000148429.7 (USP6NL)
ENSG00000148444.9,ENSG00000148444,COMMD3,protein_coding,ENSG00000148444.9 (COMMD3)
ENSG00000148450.8,ENSG00000148450,MSRB2,protein_coding,ENSG00000148450.8 (MSRB2)
ENSG00000148459.10,ENSG00000148459,PDSS1,protein_coding,ENSG00000148459.10 (PDSS1)
ENSG00000148468.11,ENSG00000148468,FAM171A1,protein_coding,ENSG00000148468.11 (FAM171A1)
ENSG00000148481.8,ENSG00000148481,FAM188A,protein_coding,ENSG00000148481.8 (FAM188A)
ENSG00000148483.7,ENSG00000148483,TMEM236,protein_coding,ENSG00000148483.7 (TMEM236)
ENSG00000148484.12,ENSG00000148484,RSU1,protein_coding,ENSG00000148484.12 (RSU1)
ENSG00000148498.11,ENSG00000148498,PARD3,protein_coding,ENSG00000148498.11 (PARD3)
ENSG00000148516.15,ENSG00000148516,ZEB1,protein_coding,ENSG00000148516.15 (ZEB1)
ENSG00000148541.8,ENSG00000148541,FAM13C,protein_coding,ENSG00000148541.8 (FAM13C)
ENSG00000148572.9,ENSG00000148572,NRBF2,protein_coding,ENSG00000148572.9 (NRBF2)
ENSG00000148600.10,ENSG00000148600,CDHR1,protein_coding,ENSG00000148600.10 (CDHR1)
ENSG00000148606.6,ENSG00000148606,POLR3A,protein_coding,ENSG00000148606.6 (POLR3A)
ENSG00000148634.10,ENSG00000148634,HERC4,protein_coding,ENSG00000148634.10 (HERC4)
ENSG00000148655.8,ENSG00000148655,C10orf11,protein_coding,ENSG00000148655.8 (C10orf11)
ENSG00000148660.13,ENSG00000148660,CAMK2G,protein_coding,ENSG00000148660.13 (CAMK2G)
ENSG00000148671.7,ENSG00000148671,ADIRF,protein_coding,ENSG00000148671.7 (ADIRF)
ENSG00000148672.6,ENSG00000148672,GLUD1,protein_coding,ENSG00000148672.6 (GLUD1)
ENSG00000148677.6,ENSG00000148677,ANKRD1,protein_coding,ENSG00000148677.6 (ANKRD1)
ENSG00000148688.6,ENSG00000148688,RPP30,protein_coding,ENSG00000148688.6 (RPP30)
ENSG00000148690.9,ENSG00000148690,FRA10AC1,protein_coding,ENSG00000148690.9 (FRA10AC1)
ENSG00000148700.8,ENSG00000148700,ADD3,protein_coding,ENSG00000148700.8 (ADD3)
ENSG00000148719.9,ENSG00000148719,DNAJB12,protein_coding,ENSG00000148719.9 (DNAJB12)
ENSG00000148730.6,ENSG00000148730,EIF4EBP2,protein_coding,ENSG00000148730.6 (EIF4EBP2)
ENSG00000148735.10,ENSG00000148735,PLEKHS1,protein_coding,ENSG00000148735.10 (PLEKHS1)
ENSG00000148737.11,ENSG00000148737,TCF7L2,protein_coding,ENSG00000148737.11 (TCF7L2)
ENSG00000148773.7,ENSG00000148773,MKI67,protein_coding,ENSG00000148773.7 (MKI67)
ENSG00000148798.5,ENSG00000148798,INA,protein_coding,ENSG00000148798.5 (INA)
ENSG00000148803.7,ENSG00000148803,FUOM,protein_coding,ENSG00000148803.7 (FUOM)
ENSG00000148814.13,ENSG00000148814,LRRC27,protein_coding,ENSG00000148814.13 (LRRC27)
ENSG00000148824.12,ENSG00000148824,MTG1,protein_coding,ENSG00000148824.12 (MTG1)
ENSG00000148832.9,ENSG00000148832,PAOX,protein_coding,ENSG00000148832.9 (PAOX)
ENSG00000148834.8,ENSG00000148834,GSTO1,protein_coding,ENSG00000148834.8 (GSTO1)
ENSG00000148835.9,ENSG00000148835,TAF5,protein_coding,ENSG00000148835.9 (TAF5)
ENSG00000148840.6,ENSG00000148840,PPRC1,protein_coding,ENSG00000148840.6 (PPRC1)
ENSG00000148841.10,ENSG00000148841,ITPRIP,protein_coding,ENSG00000148841.10 (ITPRIP)
ENSG00000148842.10,ENSG00000148842,CNNM2,protein_coding,ENSG00000148842.10 (CNNM2)
ENSG00000148843.7,ENSG00000148843,PDCD11,protein_coding,ENSG00000148843.7 (PDCD11)
ENSG00000148848.9,ENSG00000148848,ADAM12,protein_coding,ENSG00000148848.9 (ADAM12)
ENSG00000148908.10,ENSG00000148908,RGS10,protein_coding,ENSG00000148908.10 (RGS10)
ENSG00000150054.12,ENSG00000150054,MPP7,protein_coding,ENSG00000150054.12 (MPP7)
ENSG00000150076.16,ENSG00000150076,CCDC7,protein_coding,ENSG00000150076.16 (CCDC7)
ENSG00000150093.13,ENSG00000150093,ITGB1,protein_coding,ENSG00000150093.13 (ITGB1)
ENSG00000150165.11,ENSG00000150165,NA,NA,ENSG00000150165.11
ENSG00000150175.12,ENSG00000150175,FRMPD2L2,unprocessed_pseudogene,ENSG00000150175.12 (FRMPD2L2)
ENSG00000150275.12,ENSG00000150275,PCDH15,protein_coding,ENSG00000150275.12 (PCDH15)
ENSG00000150347.10,ENSG00000150347,ARID5B,protein_coding,ENSG00000150347.10 (ARID5B)
ENSG00000150593.11,ENSG00000150593,PDCD4,protein_coding,ENSG00000150593.11 (PDCD4)
ENSG00000150594.5,ENSG00000150594,ADRA2A,protein_coding,ENSG00000150594.5 (ADRA2A)
ENSG00000150867.7,ENSG00000150867,PIP4K2A,protein_coding,ENSG00000150867.7 (PIP4K2A)
ENSG00000151150.13,ENSG00000151150,ANK3,protein_coding,ENSG00000151150.13 (ANK3)
ENSG00000151151.5,ENSG00000151151,IPMK,protein_coding,ENSG00000151151.5 (IPMK)
ENSG00000151208.10,ENSG00000151208,DLG5,protein_coding,ENSG00000151208.10 (DLG5)
ENSG00000151224.7,ENSG00000151224,MAT1A,protein_coding,ENSG00000151224.7 (MAT1A)
ENSG00000151240.9,ENSG00000151240,DIP2C,protein_coding,ENSG00000151240.9 (DIP2C)
ENSG00000151303.10,ENSG00000151303,RP11-96C23.13,processed_transcript,ENSG00000151303.10 (RP11-96C23.13)
ENSG00000151461.13,ENSG00000151461,UPF2,protein_coding,ENSG00000151461.13 (UPF2)
ENSG00000151465.7,ENSG00000151465,CDC123,protein_coding,ENSG00000151465.7 (CDC123)
ENSG00000151468.9,ENSG00000151468,CCDC3,protein_coding,ENSG00000151468.9 (CCDC3)
ENSG00000151474.13,ENSG00000151474,FRMD4A,protein_coding,ENSG00000151474.13 (FRMD4A)
ENSG00000151532.9,ENSG00000151532,VTI1A,protein_coding,ENSG00000151532.9 (VTI1A)
ENSG00000151553.10,ENSG00000151553,FAM160B1,protein_coding,ENSG00000151553.10 (FAM160B1)
ENSG00000151632.11,ENSG00000151632,AKR1C2,protein_coding,ENSG00000151632.11 (AKR1C2)
ENSG00000151640.7,ENSG00000151640,DPYSL4,protein_coding,ENSG00000151640.7 (DPYSL4)
ENSG00000151651.11,ENSG00000151651,ADAM8,protein_coding,ENSG00000151651.11 (ADAM8)
ENSG00000151657.6,ENSG00000151657,KIN,protein_coding,ENSG00000151657.6 (KIN)
ENSG00000151893.9,ENSG00000151893,CACUL1,protein_coding,ENSG00000151893.9 (CACUL1)
ENSG00000151923.12,ENSG00000151923,TIAL1,protein_coding,ENSG00000151923.12 (TIAL1)
ENSG00000151929.5,ENSG00000151929,BAG3,protein_coding,ENSG00000151929.5 (BAG3)
ENSG00000152455.11,ENSG00000152455,SUV39H2,protein_coding,ENSG00000152455.11 (SUV39H2)
ENSG00000152457.13,ENSG00000152457,DCLRE1C,protein_coding,ENSG00000152457.13 (DCLRE1C)
ENSG00000152463.10,ENSG00000152463,OLAH,protein_coding,ENSG00000152463.10 (OLAH)
ENSG00000152464.8,ENSG00000152464,RPP38,protein_coding,ENSG00000152464.8 (RPP38)
ENSG00000152465.11,ENSG00000152465,NMT2,protein_coding,ENSG00000152465.11 (NMT2)
ENSG00000152487.5,ENSG00000152487,NA,NA,ENSG00000152487.5
ENSG00000152726.12,ENSG00000152726,NA,NA,ENSG00000152726.12
ENSG00000152766.5,ENSG00000152766,ANKRD22,protein_coding,ENSG00000152766.5 (ANKRD22)
ENSG00000152778.7,ENSG00000152778,IFIT5,protein_coding,ENSG00000152778.7 (IFIT5)
ENSG00000152782.11,ENSG00000152782,PANK1,protein_coding,ENSG00000152782.11 (PANK1)
ENSG00000152804.6,ENSG00000152804,HHEX,protein_coding,ENSG00000152804.6 (HHEX)
ENSG00000154473.11,ENSG00000154473,BUB3,protein_coding,ENSG00000154473.11 (BUB3)
ENSG00000155229.13,ENSG00000155229,MMS19,protein_coding,ENSG00000155229.13 (MMS19)
ENSG00000155252.12,ENSG00000155252,PI4K2A,protein_coding,ENSG00000155252.12 (PI4K2A)
ENSG00000155254.7,ENSG00000155254,MARVELD1,protein_coding,ENSG00000155254.7 (MARVELD1)
ENSG00000155256.12,ENSG00000155256,ZFYVE27,protein_coding,ENSG00000155256.12 (ZFYVE27)
ENSG00000155265.5,ENSG00000155265,GOLGA7B,protein_coding,ENSG00000155265.5 (GOLGA7B)
ENSG00000155287.5,ENSG00000155287,SLC25A28,protein_coding,ENSG00000155287.5 (SLC25A28)
ENSG00000155629.9,ENSG00000155629,PIK3AP1,protein_coding,ENSG00000155629.9 (PIK3AP1)
ENSG00000155640.4,ENSG00000155640,C10orf12,protein_coding,ENSG00000155640.4 (C10orf12)
ENSG00000156026.9,ENSG00000156026,MCU,protein_coding,ENSG00000156026.9 (MCU)
ENSG00000156042.11,ENSG00000156042,CFAP70,protein_coding,ENSG00000156042.11 (CFAP70)
ENSG00000156110.8,ENSG00000156110,ADK,protein_coding,ENSG00000156110.8 (ADK)
ENSG00000156113.13,ENSG00000156113,KCNMA1,protein_coding,ENSG00000156113.13 (KCNMA1)
ENSG00000156374.8,ENSG00000156374,PCGF6,protein_coding,ENSG00000156374.8 (PCGF6)
ENSG00000156384.10,ENSG00000156384,SFR1,protein_coding,ENSG00000156384.10 (SFR1)
ENSG00000156395.8,ENSG00000156395,SORCS3,protein_coding,ENSG00000156395.8 (SORCS3)
ENSG00000156398.6,ENSG00000156398,SFXN2,protein_coding,ENSG00000156398.6 (SFXN2)
ENSG00000156502.9,ENSG00000156502,SUPV3L1,protein_coding,ENSG00000156502.9 (SUPV3L1)
ENSG00000156510.9,ENSG00000156510,HKDC1,protein_coding,ENSG00000156510.9 (HKDC1)
ENSG00000156515.14,ENSG00000156515,HK1,protein_coding,ENSG00000156515.14 (HK1)
ENSG00000156521.9,ENSG00000156521,TYSND1,protein_coding,ENSG00000156521.9 (TYSND1)
ENSG00000156574.5,ENSG00000156574,NODAL,protein_coding,ENSG00000156574.5 (NODAL)
ENSG00000156650.7,ENSG00000156650,KAT6B,protein_coding,ENSG00000156650.7 (KAT6B)
ENSG00000156671.7,ENSG00000156671,SAMD8,protein_coding,ENSG00000156671.7 (SAMD8)
ENSG00000165309.8,ENSG00000165309,ARMC3,protein_coding,ENSG00000165309.8 (ARMC3)
ENSG00000165312.5,ENSG00000165312,OTUD1,protein_coding,ENSG00000165312.5 (OTUD1)
ENSG00000165322.12,ENSG00000165322,ARHGAP12,protein_coding,ENSG00000165322.12 (ARHGAP12)
ENSG00000165338.10,ENSG00000165338,HECTD2,protein_coding,ENSG00000165338.10 (HECTD2)
ENSG00000165383.6,ENSG00000165383,LRRC18,protein_coding,ENSG00000165383.6 (LRRC18)
ENSG00000165390.10,ENSG00000165390,NA,NA,ENSG00000165390.10
ENSG00000165406.9,ENSG00000165406,MARCH8,protein_coding,ENSG00000165406.9 (MARCH8)
ENSG00000165424.6,ENSG00000165424,ZCCHC24,protein_coding,ENSG00000165424.6 (ZCCHC24)
ENSG00000165443.7,ENSG00000165443,PHYHIPL,protein_coding,ENSG00000165443.7 (PHYHIPL)
ENSG00000165449.7,ENSG00000165449,SLC16A9,protein_coding,ENSG00000165449.7 (SLC16A9)
ENSG00000165476.6,ENSG00000165476,REEP3,protein_coding,ENSG00000165476.6 (REEP3)
ENSG00000165507.7,ENSG00000165507,C10orf10,protein_coding,ENSG00000165507.7 (C10orf10)
ENSG00000165511.4,ENSG00000165511,C10orf25,antisense,ENSG00000165511.4 (C10orf25)
ENSG00000165512.4,ENSG00000165512,ZNF22,protein_coding,ENSG00000165512.4 (ZNF22)
ENSG00000165609.7,ENSG00000165609,NUDT5,protein_coding,ENSG00000165609.7 (NUDT5)
ENSG00000165629.14,ENSG00000165629,ATP5C1,protein_coding,ENSG00000165629.14 (ATP5C1)
ENSG00000165630.8,ENSG00000165630,PRPF18,protein_coding,ENSG00000165630.8 (PRPF18)
ENSG00000165632.6,ENSG00000165632,TAF3,protein_coding,ENSG00000165632.6 (TAF3)
ENSG00000165633.6,ENSG00000165633,VSTM4,protein_coding,ENSG00000165633.6 (VSTM4)
ENSG00000165637.9,ENSG00000165637,VDAC2,protein_coding,ENSG00000165637.9 (VDAC2)
ENSG00000165644.5,ENSG00000165644,COMTD1,protein_coding,ENSG00000165644.5 (COMTD1)
ENSG00000165646.7,ENSG00000165646,SLC18A2,protein_coding,ENSG00000165646.7 (SLC18A2)
ENSG00000165650.7,ENSG00000165650,PDZD8,protein_coding,ENSG00000165650.7 (PDZD8)
ENSG00000165655.12,ENSG00000165655,ZNF503,protein_coding,ENSG00000165655.12 (ZNF503)
ENSG00000165660.6,ENSG00000165660,FAM175B,protein_coding,ENSG00000165660.6 (FAM175B)
ENSG00000165669.7,ENSG00000165669,FAM204A,protein_coding,ENSG00000165669.7 (FAM204A)
ENSG00000165672.5,ENSG00000165672,PRDX3,protein_coding,ENSG00000165672.5 (PRDX3)
ENSG00000165678.13,ENSG00000165678,GHITM,protein_coding,ENSG00000165678.13 (GHITM)
ENSG00000165730.10,ENSG00000165730,STOX1,protein_coding,ENSG00000165730.10 (STOX1)
ENSG00000165731.11,ENSG00000165731,RET,protein_coding,ENSG00000165731.11 (RET)
ENSG00000165732.7,ENSG00000165732,DDX21,protein_coding,ENSG00000165732.7 (DDX21)
ENSG00000165733.6,ENSG00000165733,BMS1,protein_coding,ENSG00000165733.6 (BMS1)
ENSG00000165752.11,ENSG00000165752,STK32C,protein_coding,ENSG00000165752.11 (STK32C)
ENSG00000165757.7,ENSG00000165757,KIAA1462,protein_coding,ENSG00000165757.7 (KIAA1462)
ENSG00000165806.12,ENSG00000165806,CASP7,protein_coding,ENSG00000165806.12 (CASP7)
ENSG00000165813.11,ENSG00000165813,CCDC186,protein_coding,ENSG00000165813.11 (CCDC186)
ENSG00000165832.4,ENSG00000165832,TRUB1,protein_coding,ENSG00000165832.4 (TRUB1)
ENSG00000165841.5,ENSG00000165841,CYP2C19,protein_coding,ENSG00000165841.5 (CYP2C19)
ENSG00000165868.7,ENSG00000165868,HSPA12A,protein_coding,ENSG00000165868.7 (HSPA12A)
ENSG00000165874.6,ENSG00000165874,FAM35BP,transcribed_unprocessed_pseudogene,ENSG00000165874.6 (FAM35BP)
ENSG00000165879.7,ENSG00000165879,FRAT1,protein_coding,ENSG00000165879.7 (FRAT1)
ENSG00000165886.4,ENSG00000165886,UBTD1,protein_coding,ENSG00000165886.4 (UBTD1)
ENSG00000165983.9,ENSG00000165983,PTER,protein_coding,ENSG00000165983.9 (PTER)
ENSG00000165985.7,ENSG00000165985,C1QL3,protein_coding,ENSG00000165985.7 (C1QL3)
ENSG00000165995.14,ENSG00000165995,CACNB2,protein_coding,ENSG00000165995.14 (CACNB2)
ENSG00000165996.8,ENSG00000165996,PTPLA,protein_coding,ENSG00000165996.8 (PTPLA)
ENSG00000165997.4,ENSG00000165997,ARL5B,protein_coding,ENSG00000165997.4 (ARL5B)
ENSG00000166024.7,ENSG00000166024,R3HCC1L,protein_coding,ENSG00000166024.7 (R3HCC1L)
ENSG00000166135.6,ENSG00000166135,HIF1AN,protein_coding,ENSG00000166135.6 (HIF1AN)
ENSG00000166136.10,ENSG00000166136,NDUFB8,protein_coding,ENSG00000166136.10 (NDUFB8)
ENSG00000166167.12,ENSG00000166167,BTRC,protein_coding,ENSG00000166167.12 (BTRC)
ENSG00000166169.10,ENSG00000166169,POLL,protein_coding,ENSG00000166169.10 (POLL)
ENSG00000166171.7,ENSG00000166171,DPCD,protein_coding,ENSG00000166171.7 (DPCD)
ENSG00000166189.6,ENSG00000166189,HPS6,protein_coding,ENSG00000166189.6 (HPS6)
ENSG00000166197.11,ENSG00000166197,NOLC1,protein_coding,ENSG00000166197.11 (NOLC1)
ENSG00000166224.12,ENSG00000166224,SGPL1,protein_coding,ENSG00000166224.12 (SGPL1)
ENSG00000166228.4,ENSG00000166228,PCBD1,protein_coding,ENSG00000166228.4 (PCBD1)
ENSG00000166272.12,ENSG00000166272,WBP1L,protein_coding,ENSG00000166272.12 (WBP1L)
ENSG00000166275.10,ENSG00000166275,C10orf32,protein_coding,ENSG00000166275.10 (C10orf32)
ENSG00000166295.3,ENSG00000166295,ANAPC16,protein_coding,ENSG00000166295.3 (ANAPC16)
ENSG00000166317.5,ENSG00000166317,SYNPO2L,protein_coding,ENSG00000166317.5 (SYNPO2L)
ENSG00000166321.9,ENSG00000166321,NUDT13,protein_coding,ENSG00000166321.9 (NUDT13)
ENSG00000166343.5,ENSG00000166343,MSS51,protein_coding,ENSG00000166343.5 (MSS51)
ENSG00000166348.12,ENSG00000166348,USP54,protein_coding,ENSG00000166348.12 (USP54)
ENSG00000166507.9,ENSG00000166507,NDST2,protein_coding,ENSG00000166507.9 (NDST2)
ENSG00000168209.3,ENSG00000168209,DDIT4,protein_coding,ENSG00000168209.3 (DDIT4)
ENSG00000168283.7,ENSG00000168283,BMI1,protein_coding,ENSG00000168283.7 (BMI1)
ENSG00000169129.8,ENSG00000169129,AFAP1L2,protein_coding,ENSG00000169129.8 (AFAP1L2)
ENSG00000169740.8,ENSG00000169740,ZNF32,protein_coding,ENSG00000169740.8 (ZNF32)
ENSG00000169813.11,ENSG00000169813,HNRNPF,protein_coding,ENSG00000169813.11 (HNRNPF)
ENSG00000169826.6,ENSG00000169826,CSGALNACT2,protein_coding,ENSG00000169826.6 (CSGALNACT2)
ENSG00000170312.10,ENSG00000170312,CDK1,protein_coding,ENSG00000170312.10 (CDK1)
ENSG00000170324.13,ENSG00000170324,FRMPD2,protein_coding,ENSG00000170324.13 (FRMPD2)
ENSG00000170430.9,ENSG00000170430,MGMT,protein_coding,ENSG00000170430.9 (MGMT)
ENSG00000170525.12,ENSG00000170525,PFKFB3,protein_coding,ENSG00000170525.12 (PFKFB3)
ENSG00000170759.10,ENSG00000170759,KIF5B,protein_coding,ENSG00000170759.10 (KIF5B)
ENSG00000171160.12,ENSG00000171160,MORN4,protein_coding,ENSG00000171160.12 (MORN4)
ENSG00000171206.7,ENSG00000171206,TRIM8,protein_coding,ENSG00000171206.7 (TRIM8)
ENSG00000171224.7,ENSG00000171224,C10orf35,protein_coding,ENSG00000171224.7 (C10orf35)
ENSG00000171307.13,ENSG00000171307,ZDHHC16,protein_coding,ENSG00000171307.13 (ZDHHC16)
ENSG00000171311.7,ENSG00000171311,EXOSC1,protein_coding,ENSG00000171311.7 (EXOSC1)
ENSG00000171314.6,ENSG00000171314,PGAM1,protein_coding,ENSG00000171314.6 (PGAM1)
ENSG00000171798.12,ENSG00000171798,KNDC1,protein_coding,ENSG00000171798.12 (KNDC1)
ENSG00000171811.7,ENSG00000171811,CFAP46,protein_coding,ENSG00000171811.7 (CFAP46)
ENSG00000171813.10,ENSG00000171813,PWWP2B,protein_coding,ENSG00000171813.10 (PWWP2B)
ENSG00000171862.5,ENSG00000171862,PTEN,protein_coding,ENSG00000171862.5 (PTEN)
ENSG00000171988.12,ENSG00000171988,JMJD1C,protein_coding,ENSG00000171988.12 (JMJD1C)
ENSG00000172538.6,ENSG00000172538,FAM170B,protein_coding,ENSG00000172538.6 (FAM170B)
ENSG00000172586.7,ENSG00000172586,CHCHD1,protein_coding,ENSG00000172586.7 (CHCHD1)
ENSG00000172650.7,ENSG00000172650,AGAP5,protein_coding,ENSG00000172650.7 (AGAP5)
ENSG00000172661.12,ENSG00000172661,FAM21C,protein_coding,ENSG00000172661.12 (FAM21C)
ENSG00000172671.13,ENSG00000172671,ZFAND4,protein_coding,ENSG00000172671.13 (ZFAND4)
ENSG00000172731.9,ENSG00000172731,LRRC20,protein_coding,ENSG00000172731.9 (LRRC20)
ENSG00000173088.7,ENSG00000173088,C10orf131,protein_coding,ENSG00000173088.7 (C10orf131)
ENSG00000173145.7,ENSG00000173145,NOC3L,protein_coding,ENSG00000173145.7 (NOC3L)
ENSG00000173267.9,ENSG00000173267,SNCG,protein_coding,ENSG00000173267.9 (SNCG)
ENSG00000173269.5,ENSG00000173269,MMRN2,protein_coding,ENSG00000173269.5 (MMRN2)
ENSG00000173848.13,ENSG00000173848,NET1,protein_coding,ENSG00000173848.13 (NET1)
ENSG00000173876.7,ENSG00000173876,TUBB7P,unprocessed_pseudogene,ENSG00000173876.7 (TUBB7P)
ENSG00000173915.8,ENSG00000173915,USMG5,protein_coding,ENSG00000173915.8 (USMG5)
ENSG00000174194.9,ENSG00000174194,NA,NA,ENSG00000174194.9
ENSG00000174196.5,ENSG00000174196,NA,NA,ENSG00000174196.5
ENSG00000174721.9,ENSG00000174721,FGFBP3,protein_coding,ENSG00000174721.9 (FGFBP3)
ENSG00000175029.11,ENSG00000175029,CTBP2,protein_coding,ENSG00000175029.11 (CTBP2)
ENSG00000175395.10,ENSG00000175395,ZNF25,protein_coding,ENSG00000175395.10 (ZNF25)
ENSG00000175470.14,ENSG00000175470,PPP2R2D,protein_coding,ENSG00000175470.14 (PPP2R2D)
ENSG00000176171.7,ENSG00000176171,BNIP3,protein_coding,ENSG00000176171.7 (BNIP3)
ENSG00000176236.4,ENSG00000176236,C10orf111,antisense,ENSG00000176236.4 (C10orf111)
ENSG00000176244.6,ENSG00000176244,ACBD7,protein_coding,ENSG00000176244.6 (ACBD7)
ENSG00000176273.9,ENSG00000176273,SLC35G1,protein_coding,ENSG00000176273.9 (SLC35G1)
ENSG00000176986.10,ENSG00000176986,SEC24C,protein_coding,ENSG00000176986.10 (SEC24C)
ENSG00000177283.4,ENSG00000177283,FZD8,protein_coding,ENSG00000177283.4 (FZD8)
ENSG00000177613.7,ENSG00000177613,CSTF2T,protein_coding,ENSG00000177613.7 (CSTF2T)
ENSG00000177640.11,ENSG00000177640,CASC2,antisense,ENSG00000177640.11 (CASC2)
ENSG00000177791.10,ENSG00000177791,MYOZ1,protein_coding,ENSG00000177791.10 (MYOZ1)
ENSG00000177853.10,ENSG00000177853,ZNF518A,protein_coding,ENSG00000177853.10 (ZNF518A)
ENSG00000178217.8,ENSG00000178217,SH2D4B,protein_coding,ENSG00000178217.8 (SH2D4B)
ENSG00000178429.8,ENSG00000178429,RPS3AP5,processed_pseudogene,ENSG00000178429.8 (RPS3AP5)
ENSG00000178440.4,ENSG00000178440,LINC00843,lincRNA,ENSG00000178440.4 (LINC00843)
ENSG00000179133.7,ENSG00000179133,C10orf67,protein_coding,ENSG00000179133.7 (C10orf67)
ENSG00000179296.8,ENSG00000179296,NA,NA,ENSG00000179296.8
ENSG00000179988.8,ENSG00000179988,PSTK,protein_coding,ENSG00000179988.8 (PSTK)
ENSG00000180066.5,ENSG00000180066,C10orf91,lincRNA,ENSG00000180066.5 (C10orf91)
ENSG00000180139.7,ENSG00000180139,ACTA2-AS1,antisense,ENSG00000180139.7 (ACTA2-AS1)
ENSG00000180221.6,ENSG00000180221,TPT1P10,processed_pseudogene,ENSG00000180221.6 (TPT1P10)
ENSG00000180230.6,ENSG00000180230,NACAP2,processed_pseudogene,ENSG00000180230.6 (NACAP2)
ENSG00000180581.6,ENSG00000180581,SRP9P1,processed_pseudogene,ENSG00000180581.6 (SRP9P1)
ENSG00000180592.12,ENSG00000180592,SKIDA1,protein_coding,ENSG00000180592.12 (SKIDA1)
ENSG00000180628.10,ENSG00000180628,PCGF5,protein_coding,ENSG00000180628.10 (PCGF5)
ENSG00000180644.5,ENSG00000180644,PRF1,protein_coding,ENSG00000180644.5 (PRF1)
ENSG00000180764.11,ENSG00000180764,PIPSL,transcribed_processed_pseudogene,ENSG00000180764.11 (PIPSL)
ENSG00000180812.9,ENSG00000180812,NA,NA,ENSG00000180812.9
ENSG00000180817.6,ENSG00000180817,PPA1,protein_coding,ENSG00000180817.6 (PPA1)
ENSG00000181192.7,ENSG00000181192,DHTKD1,protein_coding,ENSG00000181192.7 (DHTKD1)
ENSG00000181274.5,ENSG00000181274,FRAT2,protein_coding,ENSG00000181274.5 (FRAT2)
ENSG00000181800.5,ENSG00000181800,CELF2-AS1,antisense,ENSG00000181800.5 (CELF2-AS1)
ENSG00000181915.3,ENSG00000181915,ADO,protein_coding,ENSG00000181915.3 (ADO)
ENSG00000182010.6,ENSG00000182010,RTKN2,protein_coding,ENSG00000182010.6 (RTKN2)
ENSG00000182022.12,ENSG00000182022,CHST15,protein_coding,ENSG00000182022.12 (CHST15)
ENSG00000182180.9,ENSG00000182180,MRPS16,protein_coding,ENSG00000182180.9 (MRPS16)
ENSG00000182771.11,ENSG00000182771,GRID1,protein_coding,ENSG00000182771.11 (GRID1)
ENSG00000183049.8,ENSG00000183049,CAMK1D,protein_coding,ENSG00000183049.8 (CAMK1D)
ENSG00000183055.5,ENSG00000183055,FAM133CP,processed_pseudogene,ENSG00000183055.5 (FAM133CP)
ENSG00000183128.7,ENSG00000183128,CALHM3,protein_coding,ENSG00000183128.7 (CALHM3)
ENSG00000183605.10,ENSG00000183605,SFXN4,protein_coding,ENSG00000183605.10 (SFXN4)
ENSG00000183621.9,ENSG00000183621,ZNF438,protein_coding,ENSG00000183621.9 (ZNF438)
ENSG00000183675.10,ENSG00000183675,NA,NA,ENSG00000183675.10
ENSG00000184040.7,ENSG00000184040,NA,NA,ENSG00000184040.7
ENSG00000184719.7,ENSG00000184719,RNLS,protein_coding,ENSG00000184719.7 (RNLS)
ENSG00000184923.6,ENSG00000184923,NUTM2A,protein_coding,ENSG00000184923.6 (NUTM2A)
ENSG00000185009.8,ENSG00000185009,AP3M1,protein_coding,ENSG00000185009.8 (AP3M1)
ENSG00000185267.5,ENSG00000185267,CDNF,protein_coding,ENSG00000185267.5 (CDNF)
ENSG00000185303.9,ENSG00000185303,SFTPA2,protein_coding,ENSG00000185303.9 (SFTPA2)
ENSG00000185532.8,ENSG00000185532,PRKG1,protein_coding,ENSG00000185532.8 (PRKG1)
ENSG00000185736.11,ENSG00000185736,ADARB2,protein_coding,ENSG00000185736.11 (ADARB2)
ENSG00000185745.8,ENSG00000185745,IFIT1,protein_coding,ENSG00000185745.8 (IFIT1)
ENSG00000185875.8,ENSG00000185875,THNSL1,protein_coding,ENSG00000185875.8 (THNSL1)
ENSG00000185933.6,ENSG00000185933,CALHM1,protein_coding,ENSG00000185933.6 (CALHM1)
ENSG00000186807.9,ENSG00000186807,NA,NA,ENSG00000186807.9
ENSG00000186862.11,ENSG00000186862,PDZD7,protein_coding,ENSG00000186862.11 (PDZD7)
ENSG00000187122.9,ENSG00000187122,SLIT1,protein_coding,ENSG00000187122.9 (SLIT1)
ENSG00000187134.8,ENSG00000187134,AKR1C1,protein_coding,ENSG00000187134.8 (AKR1C1)
ENSG00000187164.12,ENSG00000187164,KIAA1598,protein_coding,ENSG00000187164.12 (KIAA1598)
ENSG00000187522.8,ENSG00000187522,HSPA14,protein_coding,ENSG00000187522.8 (HSPA14)
ENSG00000187783.7,ENSG00000187783,TMEM72,protein_coding,ENSG00000187783.7 (TMEM72)
ENSG00000187908.9,ENSG00000187908,DMBT1,protein_coding,ENSG00000187908.9 (DMBT1)
ENSG00000188199.5,ENSG00000188199,NUTM2B,protein_coding,ENSG00000188199.5 (NUTM2B)
ENSG00000188234.8,ENSG00000188234,AGAP4,protein_coding,ENSG00000188234.8 (AGAP4)
ENSG00000188316.8,ENSG00000188316,ENO4,protein_coding,ENSG00000188316.8 (ENO4)
ENSG00000188373.4,ENSG00000188373,C10orf99,protein_coding,ENSG00000188373.4 (C10orf99)
ENSG00000188385.7,ENSG00000188385,JAKMIP3,protein_coding,ENSG00000188385.7 (JAKMIP3)
ENSG00000188611.7,ENSG00000188611,ASAH2,protein_coding,ENSG00000188611.7 (ASAH2)
ENSG00000188613.5,ENSG00000188613,NANOS1,protein_coding,ENSG00000188613.5 (NANOS1)
ENSG00000188620.8,ENSG00000188620,HMX3,protein_coding,ENSG00000188620.8 (HMX3)
ENSG00000188649.6,ENSG00000188649,CC2D2B,protein_coding,ENSG00000188649.6 (CC2D2B)
ENSG00000188690.7,ENSG00000188690,UROS,protein_coding,ENSG00000188690.7 (UROS)
ENSG00000188816.3,ENSG00000188816,HMX2,protein_coding,ENSG00000188816.3 (HMX2)
ENSG00000189014.6,ENSG00000189014,FAM35DP,unprocessed_pseudogene,ENSG00000189014.6 (FAM35DP)
ENSG00000189129.8,ENSG00000189129,PLAC9,protein_coding,ENSG00000189129.8 (PLAC9)
ENSG00000189180.9,ENSG00000189180,ZNF33A,protein_coding,ENSG00000189180.9 (ZNF33A)
ENSG00000189319.9,ENSG00000189319,FAM53B,protein_coding,ENSG00000189319.9 (FAM53B)
ENSG00000196072.6,ENSG00000196072,BLOC1S2,protein_coding,ENSG00000196072.6 (BLOC1S2)
ENSG00000196177.7,ENSG00000196177,ACADSB,protein_coding,ENSG00000196177.7 (ACADSB)
ENSG00000196233.6,ENSG00000196233,LCOR,protein_coding,ENSG00000196233.6 (LCOR)
ENSG00000196372.7,ENSG00000196372,ASB13,protein_coding,ENSG00000196372.7 (ASB13)
ENSG00000196693.8,ENSG00000196693,ZNF33B,protein_coding,ENSG00000196693.8 (ZNF33B)
ENSG00000196793.8,ENSG00000196793,ZNF239,protein_coding,ENSG00000196793.8 (ZNF239)
ENSG00000196865.4,ENSG00000196865,NHLRC2,protein_coding,ENSG00000196865.4 (NHLRC2)
ENSG00000196960.2,ENSG00000196960,NA,NA,ENSG00000196960.2
ENSG00000196968.4,ENSG00000196968,FUT11,protein_coding,ENSG00000196968.4 (FUT11)
ENSG00000197142.6,ENSG00000197142,ACSL5,protein_coding,ENSG00000197142.6 (ACSL5)
ENSG00000197308.4,ENSG00000197308,GATA3-AS1,lincRNA,ENSG00000197308.4 (GATA3-AS1)
ENSG00000197321.8,ENSG00000197321,SVIL,protein_coding,ENSG00000197321.8 (SVIL)
ENSG00000197444.5,ENSG00000197444,OGDHL,protein_coding,ENSG00000197444.5 (OGDHL)
ENSG00000197467.7,ENSG00000197467,COL13A1,protein_coding,ENSG00000197467.7 (COL13A1)
ENSG00000197604.4,ENSG00000197604,NA,NA,ENSG00000197604.4
ENSG00000197704.7,ENSG00000197704,NA,NA,ENSG00000197704.7
ENSG00000197746.7,ENSG00000197746,PSAP,protein_coding,ENSG00000197746.7 (PSAP)
ENSG00000197748.8,ENSG00000197748,CFAP43,protein_coding,ENSG00000197748.8 (CFAP43)
ENSG00000197771.8,ENSG00000197771,MCMBP,protein_coding,ENSG00000197771.8 (MCMBP)
ENSG00000197889.4,ENSG00000197889,MEIG1,protein_coding,ENSG00000197889.4 (MEIG1)
ENSG00000198018.6,ENSG00000198018,ENTPD7,protein_coding,ENSG00000198018.6 (ENTPD7)
ENSG00000198035.7,ENSG00000198035,NA,NA,ENSG00000198035.7
ENSG00000198060.4,ENSG00000198060,MARCH5,protein_coding,ENSG00000198060.4 (MARCH5)
ENSG00000198105.7,ENSG00000198105,ZNF248,protein_coding,ENSG00000198105.7 (ZNF248)
ENSG00000198246.7,ENSG00000198246,SLC29A3,protein_coding,ENSG00000198246.7 (SLC29A3)
ENSG00000198298.8,ENSG00000198298,ZNF485,protein_coding,ENSG00000198298.8 (ZNF485)
ENSG00000198408.7,ENSG00000198408,MGEA5,protein_coding,ENSG00000198408.7 (MGEA5)
ENSG00000198546.9,ENSG00000198546,ZNF511,protein_coding,ENSG00000198546.9 (ZNF511)
ENSG00000198682.7,ENSG00000198682,PAPSS2,protein_coding,ENSG00000198682.7 (PAPSS2)
ENSG00000198728.6,ENSG00000198728,LDB1,protein_coding,ENSG00000198728.6 (LDB1)
ENSG00000198825.7,ENSG00000198825,INPP5F,protein_coding,ENSG00000198825.7 (INPP5F)
ENSG00000198873.8,ENSG00000198873,GRK5,protein_coding,ENSG00000198873.8 (GRK5)
ENSG00000198879.6,ENSG00000198879,SFMBT2,protein_coding,ENSG00000198879.6 (SFMBT2)
ENSG00000198915.7,ENSG00000198915,RASGEF1A,protein_coding,ENSG00000198915.7 (RASGEF1A)
ENSG00000198924.3,ENSG00000198924,DCLRE1A,protein_coding,ENSG00000198924.3 (DCLRE1A)
ENSG00000198954.4,ENSG00000198954,KIAA1279,protein_coding,ENSG00000198954.4 (KIAA1279)
ENSG00000198964.5,ENSG00000198964,SGMS1,protein_coding,ENSG00000198964.5 (SGMS1)
ENSG00000203414.2,ENSG00000203414,BTBD7P1,processed_pseudogene,ENSG00000203414.2 (BTBD7P1)
ENSG00000203497.2,ENSG00000203497,PDCD4-AS1,antisense,ENSG00000203497.2 (PDCD4-AS1)
ENSG00000203772.6,ENSG00000203772,SPRN,protein_coding,ENSG00000203772.6 (SPRN)
ENSG00000203780.5,ENSG00000203780,FANK1,protein_coding,ENSG00000203780.5 (FANK1)
ENSG00000203791.6,ENSG00000203791,METTL10,protein_coding,ENSG00000203791.6 (METTL10)
ENSG00000203805.6,ENSG00000203805,PPAPDC1A,protein_coding,ENSG00000203805.6 (PPAPDC1A)
ENSG00000203867.6,ENSG00000203867,RBM20,protein_coding,ENSG00000203867.6 (RBM20)
ENSG00000203876.4,ENSG00000203876,ADD3-AS1,processed_transcript,ENSG00000203876.4 (ADD3-AS1)
ENSG00000204010.3,ENSG00000204010,IFIT1B,protein_coding,ENSG00000204010.3 (IFIT1B)
ENSG00000204020.4,ENSG00000204020,LIPN,protein_coding,ENSG00000204020.4 (LIPN)
ENSG00000204022.5,ENSG00000204022,LIPJ,protein_coding,ENSG00000204022.5 (LIPJ)
ENSG00000204130.6,ENSG00000204130,RUFY2,protein_coding,ENSG00000204130.6 (RUFY2)
ENSG00000204147.5,ENSG00000204147,ASAH2B,protein_coding,ENSG00000204147.5 (ASAH2B)
ENSG00000204149.4,ENSG00000204149,AGAP6,protein_coding,ENSG00000204149.4 (AGAP6)
ENSG00000204150.7,ENSG00000204150,NA,NA,ENSG00000204150.7
ENSG00000204152.5,ENSG00000204152,TIMM23B,protein_coding,ENSG00000204152.5 (TIMM23B)
ENSG00000204161.7,ENSG00000204161,C10orf128,protein_coding,ENSG00000204161.7 (C10orf128)
ENSG00000204164.5,ENSG00000204164,NA,NA,ENSG00000204164.5
ENSG00000204169.6,ENSG00000204169,NA,NA,ENSG00000204169.6
ENSG00000204172.7,ENSG00000204172,AGAP10,protein_coding,ENSG00000204172.7 (AGAP10)
ENSG00000204176.7,ENSG00000204176,SYT15,protein_coding,ENSG00000204176.7 (SYT15)
ENSG00000204177.5,ENSG00000204177,BMS1P1,transcribed_unprocessed_pseudogene,ENSG00000204177.5 (BMS1P1)
ENSG00000204179.6,ENSG00000204179,PTPN20A,protein_coding,ENSG00000204179.6 (PTPN20A)
ENSG00000204682.5,ENSG00000204682,CASC10,protein_coding,ENSG00000204682.5 (CASC10)
ENSG00000205740.1,ENSG00000205740,RP11-363N22.3,processed_transcript,ENSG00000205740.1 (RP11-363N22.3)
ENSG00000212743.1,ENSG00000212743,RP11-563J2.3,lincRNA,ENSG00000212743.1 (RP11-563J2.3)
ENSG00000213025.2,ENSG00000213025,COX20P1,processed_pseudogene,ENSG00000213025.2 (COX20P1)
ENSG00000213147.3,ENSG00000213147,RPL23AP60,processed_pseudogene,ENSG00000213147.3 (RPL23AP60)
ENSG00000213185.2,ENSG00000213185,FAM24B,protein_coding,ENSG00000213185.2 (FAM24B)
ENSG00000213260.3,ENSG00000213260,YWHAZP5,processed_pseudogene,ENSG00000213260.3 (YWHAZP5)
ENSG00000213341.4,ENSG00000213341,CHUK,protein_coding,ENSG00000213341.4 (CHUK)
ENSG00000213390.4,ENSG00000213390,ARHGAP19,protein_coding,ENSG00000213390.4 (ARHGAP19)
ENSG00000213412.3,ENSG00000213412,HNRNPA1P33,processed_pseudogene,ENSG00000213412.3 (HNRNPA1P33)
ENSG00000213432.2,ENSG00000213432,RP11-624L12.1,processed_pseudogene,ENSG00000213432.2 (RP11-624L12.1)
ENSG00000213449.2,ENSG00000213449,GAPDHP28,processed_pseudogene,ENSG00000213449.2 (GAPDHP28)
ENSG00000213484.2,ENSG00000213484,EIF4A1P8,processed_pseudogene,ENSG00000213484.2 (EIF4A1P8)
ENSG00000213513.3,ENSG00000213513,RP13-39P12.2,processed_pseudogene,ENSG00000213513.3 (RP13-39P12.2)
ENSG00000213514.2,ENSG00000213514,RP11-428P16.2,processed_pseudogene,ENSG00000213514.2 (RP11-428P16.2)
ENSG00000213551.3,ENSG00000213551,DNAJC9,protein_coding,ENSG00000213551.3 (DNAJC9)
ENSG00000213574.2,ENSG00000213574,LDHAP5,processed_pseudogene,ENSG00000213574.2 (LDHAP5)
ENSG00000213609.3,ENSG00000213609,RP11-170M17.2,processed_pseudogene,ENSG00000213609.3 (RP11-170M17.2)
ENSG00000213613.2,ENSG00000213613,RP11-380G5.3,processed_pseudogene,ENSG00000213613.2 (RP11-380G5.3)
ENSG00000213667.3,ENSG00000213667,PGGT1BP1,processed_pseudogene,ENSG00000213667.3 (PGGT1BP1)
ENSG00000213700.3,ENSG00000213700,RPL17P50,processed_pseudogene,ENSG00000213700.3 (RPL17P50)
ENSG00000213770.3,ENSG00000213770,FAM210CP,processed_pseudogene,ENSG00000213770.3 (FAM210CP)
ENSG00000214089.3,ENSG00000214089,RP11-256K7.1,processed_pseudogene,ENSG00000214089.3 (RP11-256K7.1)
ENSG00000214279.6,ENSG00000214279,SCART1,unitary_pseudogene,ENSG00000214279.6 (SCART1)
ENSG00000214297.3,ENSG00000214297,ALDOAP2,processed_pseudogene,ENSG00000214297.3 (ALDOAP2)
ENSG00000214362.2,ENSG00000214362,RP11-7D5.2,processed_pseudogene,ENSG00000214362.2 (RP11-7D5.2)
ENSG00000214413.2,ENSG00000214413,BBIP1,protein_coding,ENSG00000214413.2 (BBIP1)
ENSG00000214434.2,ENSG00000214434,NIFKP1,processed_pseudogene,ENSG00000214434.2 (NIFKP1)
ENSG00000214435.3,ENSG00000214435,AS3MT,protein_coding,ENSG00000214435.3 (AS3MT)
ENSG00000214549.2,ENSG00000214549,SDHCP2,processed_pseudogene,ENSG00000214549.2 (SDHCP2)
ENSG00000214562.5,ENSG00000214562,NUTM2D,protein_coding,ENSG00000214562.5 (NUTM2D)
ENSG00000214584.3,ENSG00000214584,PGGT1BP2,processed_pseudogene,ENSG00000214584.3 (PGGT1BP2)
ENSG00000214655.5,ENSG00000214655,ZSWIM8,protein_coding,ENSG00000214655.5 (ZSWIM8)
ENSG00000214688.3,ENSG00000214688,C10orf105,protein_coding,ENSG00000214688.3 (C10orf105)
ENSG00000214807.2,ENSG00000214807,NPM1P31,processed_pseudogene,ENSG00000214807.2 (NPM1P31)
ENSG00000214881.4,ENSG00000214881,TMEM14D,processed_pseudogene,ENSG00000214881.4 (TMEM14D)
ENSG00000214982.5,ENSG00000214982,NA,NA,ENSG00000214982.5
ENSG00000215044.2,ENSG00000215044,NA,NA,ENSG00000215044.2
ENSG00000215086.2,ENSG00000215086,NPM1P24,processed_pseudogene,ENSG00000215086.2 (NPM1P24)
ENSG00000215146.3,ENSG00000215146,RP11-313J2.1,transcribed_unprocessed_pseudogene,ENSG00000215146.3 (RP11-313J2.1)
ENSG00000215151.4,ENSG00000215151,ABCD1P2,unprocessed_pseudogene,ENSG00000215151.4 (ABCD1P2)
ENSG00000215244.1,ENSG00000215244,RP11-563J2.2,lincRNA,ENSG00000215244.1 (RP11-563J2.2)
ENSG00000216740.2,ENSG00000216740,ANXA2P3,processed_pseudogene,ENSG00000216740.2 (ANXA2P3)
ENSG00000216937.5,ENSG00000216937,CCDC7,protein_coding,ENSG00000216937.5 (CCDC7)
ENSG00000217094.2,ENSG00000217094,PPIAP31,processed_pseudogene,ENSG00000217094.2 (PPIAP31)
ENSG00000219932.4,ENSG00000219932,RPL12P8,processed_pseudogene,ENSG00000219932.4 (RPL12P8)
ENSG00000220585.3,ENSG00000220585,DDX18P6,processed_pseudogene,ENSG00000220585.3 (DDX18P6)
ENSG00000220842.5,ENSG00000220842,RP11-572P18.1,processed_pseudogene,ENSG00000220842.5 (RP11-572P18.1)
ENSG00000221817.2,ENSG00000221817,PPP3CB-AS1,processed_transcript,ENSG00000221817.2 (PPP3CB-AS1)
ENSG00000222047.4,ENSG00000222047,C10orf55,protein_coding,ENSG00000222047.4 (C10orf55)
ENSG00000223482.1,ENSG00000223482,NUTM2A-AS1,antisense,ENSG00000223482.1 (NUTM2A-AS1)
ENSG00000223540.1,ENSG00000223540,RPS15AP5,processed_pseudogene,ENSG00000223540.1 (RPS15AP5)
ENSG00000223820.5,ENSG00000223820,CFL1P1,transcribed_unprocessed_pseudogene,ENSG00000223820.5 (CFL1P1)
ENSG00000223928.1,ENSG00000223928,RP11-183E9.2,processed_pseudogene,ENSG00000223928.1 (RP11-183E9.2)
ENSG00000223984.1,ENSG00000223984,HNRNPRP1,processed_pseudogene,ENSG00000223984.1 (HNRNPRP1)
ENSG00000223987.1,ENSG00000223987,RP11-445P17.5,processed_pseudogene,ENSG00000223987.1 (RP11-445P17.5)
ENSG00000224005.2,ENSG00000224005,NA,NA,ENSG00000224005.2
ENSG00000224023.5,ENSG00000224023,FLJ37035,lincRNA,ENSG00000224023.5 (FLJ37035)
ENSG00000224195.1,ENSG00000224195,RP11-574K11.5,antisense,ENSG00000224195.1 (RP11-574K11.5)
ENSG00000224215.1,ENSG00000224215,RP11-371A19.2,antisense,ENSG00000224215.1 (RP11-371A19.2)
ENSG00000224428.2,ENSG00000224428,NA,NA,ENSG00000224428.2
ENSG00000224596.1,ENSG00000224596,ZMIZ1-AS1,antisense,ENSG00000224596.1 (ZMIZ1-AS1)
ENSG00000224597.3,ENSG00000224597,SVIL-AS1,antisense,ENSG00000224597.3 (SVIL-AS1)
ENSG00000224725.2,ENSG00000224725,CEP57L1P1,processed_pseudogene,ENSG00000224725.2 (CEP57L1P1)
ENSG00000224745.1,ENSG00000224745,RP11-380G5.2,sense_intronic,ENSG00000224745.1 (RP11-380G5.2)
ENSG00000224760.2,ENSG00000224760,C1DP3,processed_pseudogene,ENSG00000224760.2 (C1DP3)
ENSG00000224886.1,ENSG00000224886,RP11-119F19.4,transcribed_processed_pseudogene,ENSG00000224886.1 (RP11-119F19.4)
ENSG00000224914.1,ENSG00000224914,LINC00863,lincRNA,ENSG00000224914.1 (LINC00863)
ENSG00000224915.1,ENSG00000224915,NA,NA,ENSG00000224915.1
ENSG00000224934.1,ENSG00000224934,RP11-441O15.3,lincRNA,ENSG00000224934.1 (RP11-441O15.3)
ENSG00000225053.1,ENSG00000225053,PRPF38AP1,processed_pseudogene,ENSG00000225053.1 (PRPF38AP1)
ENSG00000225119.2,ENSG00000225119,NA,NA,ENSG00000225119.2
ENSG00000225137.1,ENSG00000225137,DYNC1I2P1,processed_pseudogene,ENSG00000225137.1 (DYNC1I2P1)
ENSG00000225155.2,ENSG00000225155,TOMM22P5,processed_pseudogene,ENSG00000225155.2 (TOMM22P5)
ENSG00000225192.1,ENSG00000225192,ZNF33BP1,processed_pseudogene,ENSG00000225192.1 (ZNF33BP1)
ENSG00000225213.2,ENSG00000225213,RP11-197M22.2,sense_intronic,ENSG00000225213.2 (RP11-197M22.2)
ENSG00000225251.1,ENSG00000225251,RPL5P25,processed_pseudogene,ENSG00000225251.1 (RPL5P25)
ENSG00000225302.1,ENSG00000225302,RP11-539I5.1,antisense,ENSG00000225302.1 (RP11-539I5.1)
ENSG00000225355.1,ENSG00000225355,ARL6IP1P2,processed_pseudogene,ENSG00000225355.1 (ARL6IP1P2)
ENSG00000225423.1,ENSG00000225423,TNPO1P1,processed_pseudogene,ENSG00000225423.1 (TNPO1P1)
ENSG00000225461.1,ENSG00000225461,NA,NA,ENSG00000225461.1
ENSG00000225484.2,ENSG00000225484,NUTM2B-AS1,antisense,ENSG00000225484.2 (NUTM2B-AS1)
ENSG00000225519.1,ENSG00000225519,RP11-236B18.2,lincRNA,ENSG00000225519.1 (RP11-236B18.2)
ENSG00000225525.1,ENSG00000225525,NA,NA,ENSG00000225525.1
ENSG00000225638.1,ENSG00000225638,PABPC1P12,processed_pseudogene,ENSG00000225638.1 (PABPC1P12)
ENSG00000225784.4,ENSG00000225784,NA,NA,ENSG00000225784.4
ENSG00000225830.5,ENSG00000225830,ERCC6,protein_coding,ENSG00000225830.5 (ERCC6)
ENSG00000225899.2,ENSG00000225899,FRG2B,protein_coding,ENSG00000225899.2 (FRG2B)
ENSG00000225928.1,ENSG00000225928,CACYBPP1,processed_pseudogene,ENSG00000225928.1 (CACYBPP1)
ENSG00000225976.4,ENSG00000225976,RP11-192N10.2,processed_pseudogene,ENSG00000225976.4 (RP11-192N10.2)
ENSG00000226009.1,ENSG00000226009,KCNIP2-AS1,antisense,ENSG00000226009.1 (KCNIP2-AS1)
ENSG00000226086.4,ENSG00000226086,EIF3LP3,processed_pseudogene,ENSG00000226086.4 (EIF3LP3)
ENSG00000226200.1,ENSG00000226200,SGMS1-AS1,antisense,ENSG00000226200.1 (SGMS1-AS1)
ENSG00000226245.1,ENSG00000226245,ZNF32-AS1,antisense,ENSG00000226245.1 (ZNF32-AS1)
ENSG00000226253.1,ENSG00000226253,MRPL35P3,processed_pseudogene,ENSG00000226253.1 (MRPL35P3)
ENSG00000226318.1,ENSG00000226318,RP11-474D14.2,processed_pseudogene,ENSG00000226318.1 (RP11-474D14.2)
ENSG00000226381.1,ENSG00000226381,NA,NA,ENSG00000226381.1
ENSG00000226389.2,ENSG00000226389,RP11-507K13.4,processed_pseudogene,ENSG00000226389.2 (RP11-507K13.4)
ENSG00000226428.1,ENSG00000226428,RP11-106M7.4,processed_pseudogene,ENSG00000226428.1 (RP11-106M7.4)
ENSG00000226466.2,ENSG00000226466,RPA2P2,processed_pseudogene,ENSG00000226466.2 (RPA2P2)
ENSG00000226493.1,ENSG00000226493,RP11-524O24.2,processed_pseudogene,ENSG00000226493.1 (RP11-524O24.2)
ENSG00000226557.1,ENSG00000226557,TRAF6P1,processed_pseudogene,ENSG00000226557.1 (TRAF6P1)
ENSG00000226646.1,ENSG00000226646,RPL7P37,processed_pseudogene,ENSG00000226646.1 (RPL7P37)
ENSG00000226647.1,ENSG00000226647,RP11-336A10.2,antisense,ENSG00000226647.1 (RP11-336A10.2)
ENSG00000226659.1,ENSG00000226659,RP11-137H2.4,antisense,ENSG00000226659.1 (RP11-137H2.4)
ENSG00000226688.1,ENSG00000226688,ENTPD1-AS1,antisense,ENSG00000226688.1 (ENTPD1-AS1)
ENSG00000226701.1,ENSG00000226701,RP11-570G20.1,processed_pseudogene,ENSG00000226701.1 (RP11-570G20.1)
ENSG00000226790.2,ENSG00000226790,HNRNPA3P1,processed_pseudogene,ENSG00000226790.2 (HNRNPA3P1)
ENSG00000226864.1,ENSG00000226864,ATE1-AS1,antisense,ENSG00000226864.1 (ATE1-AS1)
ENSG00000226937.1,ENSG00000226937,CEP164P1,transcribed_processed_pseudogene,ENSG00000226937.1 (CEP164P1)
ENSG00000226964.1,ENSG00000226964,RHEBP2,processed_pseudogene,ENSG00000226964.1 (RHEBP2)
ENSG00000227032.1,ENSG00000227032,RP11-34E5.4,processed_pseudogene,ENSG00000227032.1 (RP11-34E5.4)
ENSG00000227096.1,ENSG00000227096,HMGB3P8,processed_pseudogene,ENSG00000227096.1 (HMGB3P8)
ENSG00000227165.1,ENSG00000227165,WDR11-AS1,antisense,ENSG00000227165.1 (WDR11-AS1)
ENSG00000227173.1,ENSG00000227173,MYL6P3,processed_pseudogene,ENSG00000227173.1 (MYL6P3)
ENSG00000227253.1,ENSG00000227253,RP11-166N17.1,antisense,ENSG00000227253.1 (RP11-166N17.1)
ENSG00000227268.2,ENSG00000227268,KLLN,protein_coding,ENSG00000227268.2 (KLLN)
ENSG00000227323.1,ENSG00000227323,NA,NA,ENSG00000227323.1
ENSG00000227345.3,ENSG00000227345,PARG,protein_coding,ENSG00000227345.3 (PARG)
ENSG00000227382.1,ENSG00000227382,EIF4A2P2,processed_pseudogene,ENSG00000227382.1 (EIF4A2P2)
ENSG00000227437.1,ENSG00000227437,RP11-179H18.5,processed_pseudogene,ENSG00000227437.1 (RP11-179H18.5)
ENSG00000227462.1,ENSG00000227462,RP11-108B14.4,processed_pseudogene,ENSG00000227462.1 (RP11-108B14.4)
ENSG00000227474.1,ENSG00000227474,RP11-295P9.2,processed_pseudogene,ENSG00000227474.1 (RP11-295P9.2)
ENSG00000227492.1,ENSG00000227492,RP11-316M21.6,antisense,ENSG00000227492.1 (RP11-316M21.6)
ENSG00000227515.1,ENSG00000227515,C1DP4,processed_pseudogene,ENSG00000227515.1 (C1DP4)
ENSG00000227540.1,ENSG00000227540,RP11-152N13.5,antisense,ENSG00000227540.1 (RP11-152N13.5)
ENSG00000227583.1,ENSG00000227583,RP11-119F7.3,processed_pseudogene,ENSG00000227583.1 (RP11-119F7.3)
ENSG00000227586.4,ENSG00000227586,RP11-162A23.5,processed_pseudogene,ENSG00000227586.4 (RP11-162A23.5)
ENSG00000227695.1,ENSG00000227695,DNMBP-AS1,antisense,ENSG00000227695.1 (DNMBP-AS1)
ENSG00000227896.1,ENSG00000227896,RP11-77P6.2,antisense,ENSG00000227896.1 (RP11-77P6.2)
ENSG00000227972.1,ENSG00000227972,PRKRIRP3,processed_pseudogene,ENSG00000227972.1 (PRKRIRP3)
ENSG00000228021.1,ENSG00000228021,RP11-383C5.3,processed_transcript,ENSG00000228021.1 (RP11-383C5.3)
ENSG00000228088.1,ENSG00000228088,NA,NA,ENSG00000228088.1
ENSG00000228169.3,ENSG00000228169,PPIAP19,processed_pseudogene,ENSG00000228169.3 (PPIAP19)
ENSG00000228195.2,ENSG00000228195,RPL5P27,processed_pseudogene,ENSG00000228195.2 (RPL5P27)
ENSG00000228302.1,ENSG00000228302,RP11-186N15.3,antisense,ENSG00000228302.1 (RP11-186N15.3)
ENSG00000228326.1,ENSG00000228326,NA,NA,ENSG00000228326.1
ENSG00000228417.1,ENSG00000228417,RP11-549L6.3,antisense,ENSG00000228417.1 (RP11-549L6.3)
ENSG00000228462.1,ENSG00000228462,RP11-445N18.3,processed_pseudogene,ENSG00000228462.1 (RP11-445N18.3)
ENSG00000228508.1,ENSG00000228508,NA,NA,ENSG00000228508.1
ENSG00000228547.4,ENSG00000228547,OR7E26P,unprocessed_pseudogene,ENSG00000228547.4 (OR7E26P)
ENSG00000228570.2,ENSG00000228570,NUTM2E,protein_coding,ENSG00000228570.2 (NUTM2E)
ENSG00000228657.1,ENSG00000228657,RP11-170J3.2,processed_pseudogene,ENSG00000228657.1 (RP11-170J3.2)
ENSG00000228671.1,ENSG00000228671,NA,NA,ENSG00000228671.1
ENSG00000228701.1,ENSG00000228701,TNKS2-AS1,antisense,ENSG00000228701.1 (TNKS2-AS1)
ENSG00000228702.1,ENSG00000228702,RP11-671E7.1,processed_pseudogene,ENSG00000228702.1 (RP11-671E7.1)
ENSG00000228748.1,ENSG00000228748,RP13-39P12.3,antisense,ENSG00000228748.1 (RP13-39P12.3)
ENSG00000228753.1,ENSG00000228753,EIF4BP2,processed_pseudogene,ENSG00000228753.1 (EIF4BP2)
ENSG00000228754.1,ENSG00000228754,RP11-534L6.3,processed_pseudogene,ENSG00000228754.1 (RP11-534L6.3)
ENSG00000228755.1,ENSG00000228755,PABPC1P8,processed_pseudogene,ENSG00000228755.1 (PABPC1P8)
ENSG00000228828.1,ENSG00000228828,RP11-162G10.1,processed_pseudogene,ENSG00000228828.1 (RP11-162G10.1)
ENSG00000228882.1,ENSG00000228882,CICP9,processed_pseudogene,ENSG00000228882.1 (CICP9)
ENSG00000228938.3,ENSG00000228938,SNRPD2P1,processed_pseudogene,ENSG00000228938.3 (SNRPD2P1)
ENSG00000229001.1,ENSG00000229001,ACTBP14,processed_pseudogene,ENSG00000229001.1 (ACTBP14)
ENSG00000229097.1,ENSG00000229097,CALM2P2,processed_pseudogene,ENSG00000229097.1 (CALM2P2)
ENSG00000229116.1,ENSG00000229116,RP11-20J15.3,lincRNA,ENSG00000229116.1 (RP11-20J15.3)
ENSG00000229124.1,ENSG00000229124,VIM-AS1,antisense,ENSG00000229124.1 (VIM-AS1)
ENSG00000229197.1,ENSG00000229197,RP11-227H15.7,processed_pseudogene,ENSG00000229197.1 (RP11-227H15.7)
ENSG00000229227.1,ENSG00000229227,RP11-38L15.2,lincRNA,ENSG00000229227.1 (RP11-38L15.2)
ENSG00000229256.1,ENSG00000229256,ST13P13,processed_pseudogene,ENSG00000229256.1 (ST13P13)
ENSG00000229260.1,ENSG00000229260,NA,NA,ENSG00000229260.1
ENSG00000229278.1,ENSG00000229278,RP11-483F11.7,antisense,ENSG00000229278.1 (RP11-483F11.7)
ENSG00000229417.1,ENSG00000229417,NPM1P25,processed_pseudogene,ENSG00000229417.1 (NPM1P25)
ENSG00000229605.4,ENSG00000229605,RP11-492M23.2,processed_pseudogene,ENSG00000229605.4 (RP11-492M23.2)
ENSG00000229644.4,ENSG00000229644,NAMPTP1,processed_pseudogene,ENSG00000229644.4 (NAMPTP1)
ENSG00000229659.1,ENSG00000229659,RP11-345K20.2,processed_pseudogene,ENSG00000229659.1 (RP11-345K20.2)
ENSG00000229763.1,ENSG00000229763,NA,NA,ENSG00000229763.1
ENSG00000229870.1,ENSG00000229870,RP11-507K13.6,processed_pseudogene,ENSG00000229870.1 (RP11-507K13.6)
ENSG00000229919.2,ENSG00000229919,TCEB1P3,processed_pseudogene,ENSG00000229919.2 (TCEB1P3)
ENSG00000229927.1,ENSG00000229927,RHEBP1,processed_pseudogene,ENSG00000229927.1 (RHEBP1)
ENSG00000229932.2,ENSG00000229932,YWHAZP3,processed_pseudogene,ENSG00000229932.2 (YWHAZP3)
ENSG00000230091.1,ENSG00000230091,TMEM254-AS1,antisense,ENSG00000230091.1 (TMEM254-AS1)
ENSG00000230131.1,ENSG00000230131,RP11-282I1.1,lincRNA,ENSG00000230131.1 (RP11-282I1.1)
ENSG00000230139.1,ENSG00000230139,NA,NA,ENSG00000230139.1
ENSG00000230165.1,ENSG00000230165,CTB-1144G6.5,processed_pseudogene,ENSG00000230165.1 (CTB-1144G6.5)
ENSG00000230210.2,ENSG00000230210,NA,NA,ENSG00000230210.2
ENSG00000230224.1,ENSG00000230224,PHBP9,processed_pseudogene,ENSG00000230224.1 (PHBP9)
ENSG00000230306.1,ENSG00000230306,BANF1P2,processed_pseudogene,ENSG00000230306.1 (BANF1P2)
ENSG00000230322.1,ENSG00000230322,RP3-323N1.2,antisense,ENSG00000230322.1 (RP3-323N1.2)
ENSG00000230397.1,ENSG00000230397,SPTLC1P1,transcribed_processed_pseudogene,ENSG00000230397.1 (SPTLC1P1)
ENSG00000230425.1,ENSG00000230425,RSU1P1,unprocessed_pseudogene,ENSG00000230425.1 (RSU1P1)
ENSG00000230445.4,ENSG00000230445,LRRC37A6P,transcribed_processed_pseudogene,ENSG00000230445.4 (LRRC37A6P)
ENSG00000230469.1,ENSG00000230469,RPL5P26,processed_pseudogene,ENSG00000230469.1 (RPL5P26)
ENSG00000230507.4,ENSG00000230507,RPL7AP8,processed_pseudogene,ENSG00000230507.4 (RPL7AP8)
ENSG00000230534.1,ENSG00000230534,RP11-297A16.2,antisense,ENSG00000230534.1 (RP11-297A16.2)
ENSG00000230555.1,ENSG00000230555,RP11-517P14.2,lincRNA,ENSG00000230555.1 (RP11-517P14.2)
ENSG00000230565.1,ENSG00000230565,ZNF32-AS2,antisense,ENSG00000230565.1 (ZNF32-AS2)
ENSG00000230620.1,ENSG00000230620,NA,NA,ENSG00000230620.1
ENSG00000230869.1,ENSG00000230869,CTGLF10P,unprocessed_pseudogene,ENSG00000230869.1 (CTGLF10P)
ENSG00000231025.1,ENSG00000231025,RP11-175O19.4,antisense,ENSG00000231025.1 (RP11-175O19.4)
ENSG00000231060.1,ENSG00000231060,FARSBP1,processed_pseudogene,ENSG00000231060.1 (FARSBP1)
ENSG00000231104.1,ENSG00000231104,RP11-354M20.3,antisense,ENSG00000231104.1 (RP11-354M20.3)
ENSG00000231187.2,ENSG00000231187,RP11-38L15.3,antisense,ENSG00000231187.2 (RP11-38L15.3)
ENSG00000231233.1,ENSG00000231233,CCDC147-AS1,antisense,ENSG00000231233.1 (CCDC147-AS1)
ENSG00000231245.2,ENSG00000231245,C1DP1,processed_pseudogene,ENSG00000231245.2 (C1DP1)
ENSG00000231345.2,ENSG00000231345,BEND3P1,transcribed_processed_pseudogene,ENSG00000231345.2 (BEND3P1)
ENSG00000231588.1,ENSG00000231588,RP11-50E11.2,processed_pseudogene,ENSG00000231588.1 (RP11-50E11.2)
ENSG00000231911.1,ENSG00000231911,TPRKBP1,processed_pseudogene,ENSG00000231911.1 (TPRKBP1)
ENSG00000231964.1,ENSG00000231964,RP11-67C2.2,antisense,ENSG00000231964.1 (RP11-67C2.2)
ENSG00000231970.1,ENSG00000231970,RP11-452K12.7,antisense,ENSG00000231970.1 (RP11-452K12.7)
ENSG00000231976.3,ENSG00000231976,LINC00202-2,lincRNA,ENSG00000231976.3 (LINC00202-2)
ENSG00000232004.1,ENSG00000232004,CAP1P2,processed_pseudogene,ENSG00000232004.1 (CAP1P2)
ENSG00000232075.1,ENSG00000232075,MRPL35P2,processed_pseudogene,ENSG00000232075.1 (MRPL35P2)
ENSG00000232224.1,ENSG00000232224,LINC00202-1,lincRNA,ENSG00000232224.1 (LINC00202-1)
ENSG00000232229.1,ENSG00000232229,LINC00865,lincRNA,ENSG00000232229.1 (LINC00865)
ENSG00000232470.1,ENSG00000232470,RP11-313D6.3,lincRNA,ENSG00000232470.1 (RP11-313D6.3)
ENSG00000232591.1,ENSG00000232591,RP5-1031D4.2,lincRNA,ENSG00000232591.1 (RP5-1031D4.2)
ENSG00000232656.3,ENSG00000232656,IDI2-AS1,antisense,ENSG00000232656.3 (IDI2-AS1)
ENSG00000232706.2,ENSG00000232706,NUTM2HP,unprocessed_pseudogene,ENSG00000232706.2 (NUTM2HP)
ENSG00000232709.1,ENSG00000232709,MARK2P9,processed_pseudogene,ENSG00000232709.1 (MARK2P9)
ENSG00000232734.1,ENSG00000232734,ATP5G1P7,processed_pseudogene,ENSG00000232734.1 (ATP5G1P7)
ENSG00000232807.1,ENSG00000232807,RP11-536K7.3,antisense,ENSG00000232807.1 (RP11-536K7.3)
ENSG00000232823.1,ENSG00000232823,TXNP1,processed_pseudogene,ENSG00000232823.1 (TXNP1)
ENSG00000232936.1,ENSG00000232936,RP11-80H5.2,antisense,ENSG00000232936.1 (RP11-80H5.2)
ENSG00000233122.1,ENSG00000233122,CTAGE7P,processed_pseudogene,ENSG00000233122.1 (CTAGE7P)
ENSG00000233144.1,ENSG00000233144,RP11-537A6.9,antisense,ENSG00000233144.1 (RP11-537A6.9)
ENSG00000233165.1,ENSG00000233165,NA,NA,ENSG00000233165.1
ENSG00000233177.1,ENSG00000233177,NA,NA,ENSG00000233177.1
ENSG00000233190.1,ENSG00000233190,RPS24P13,processed_pseudogene,ENSG00000233190.1 (RPS24P13)
ENSG00000233261.1,ENSG00000233261,LINC00264,lincRNA,ENSG00000233261.1 (LINC00264)
ENSG00000233292.1,ENSG00000233292,RP11-341B24.3,processed_pseudogene,ENSG00000233292.1 (RP11-341B24.3)
ENSG00000233435.1,ENSG00000233435,AGGF1P2,processed_pseudogene,ENSG00000233435.1 (AGGF1P2)
ENSG00000233533.1,ENSG00000233533,MKNK2P1,processed_pseudogene,ENSG00000233533.1 (MKNK2P1)
ENSG00000233665.1,ENSG00000233665,RP11-523O18.5,processed_transcript,ENSG00000233665.1 (RP11-523O18.5)
ENSG00000233690.1,ENSG00000233690,EBAG9P1,processed_pseudogene,ENSG00000233690.1 (EBAG9P1)
ENSG00000233745.1,ENSG00000233745,NA,NA,ENSG00000233745.1
ENSG00000233825.1,ENSG00000233825,RP11-135A24.4,antisense,ENSG00000233825.1 (RP11-135A24.4)
ENSG00000233837.1,ENSG00000233837,EIF3LP2,processed_pseudogene,ENSG00000233837.1 (EIF3LP2)
ENSG00000233867.2,ENSG00000233867,SLC9B1P3,unprocessed_pseudogene,ENSG00000233867.2 (SLC9B1P3)
ENSG00000233990.1,ENSG00000233990,RP11-401E9.3,processed_pseudogene,ENSG00000233990.1 (RP11-401E9.3)
ENSG00000234017.1,ENSG00000234017,RP11-214N15.5,processed_pseudogene,ENSG00000234017.1 (RP11-214N15.5)
ENSG00000234026.1,ENSG00000234026,RP11-310E22.4,antisense,ENSG00000234026.1 (RP11-310E22.4)
ENSG00000234043.3,ENSG00000234043,RP11-56M3.1,processed_pseudogene,ENSG00000234043.3 (RP11-56M3.1)
ENSG00000234109.1,ENSG00000234109,RPL7P36,processed_pseudogene,ENSG00000234109.1 (RPL7P36)
ENSG00000234118.1,ENSG00000234118,RPL13AP6,processed_pseudogene,ENSG00000234118.1 (RPL13AP6)
ENSG00000234175.1,ENSG00000234175,RP11-730A19.9,processed_pseudogene,ENSG00000234175.1 (RP11-730A19.9)
ENSG00000234335.1,ENSG00000234335,RPS4XP11,processed_pseudogene,ENSG00000234335.1 (RPS4XP11)
ENSG00000234369.1,ENSG00000234369,TATDN1P1,processed_pseudogene,ENSG00000234369.1 (TATDN1P1)
ENSG00000234420.2,ENSG00000234420,ZNF37BP,transcribed_processed_pseudogene,ENSG00000234420.2 (ZNF37BP)
ENSG00000234531.2,ENSG00000234531,NA,NA,ENSG00000234531.2
ENSG00000234569.1,ENSG00000234569,RAD1P1,processed_pseudogene,ENSG00000234569.1 (RAD1P1)
ENSG00000234596.3,ENSG00000234596,NA,NA,ENSG00000234596.3
ENSG00000234631.1,ENSG00000234631,NA,NA,ENSG00000234631.1
ENSG00000234635.1,ENSG00000234635,NA,NA,ENSG00000234635.1
ENSG00000234699.1,ENSG00000234699,RP11-225H22.4,antisense,ENSG00000234699.1 (RP11-225H22.4)
ENSG00000234743.1,ENSG00000234743,EIF5AP4,processed_pseudogene,ENSG00000234743.1 (EIF5AP4)
ENSG00000234806.1,ENSG00000234806,RP11-9E13.4,processed_pseudogene,ENSG00000234806.1 (RP11-9E13.4)
ENSG00000234814.3,ENSG00000234814,SVILP1,transcribed_unprocessed_pseudogene,ENSG00000234814.3 (SVILP1)
ENSG00000234961.1,ENSG00000234961,RP11-124N14.3,antisense,ENSG00000234961.1 (RP11-124N14.3)
ENSG00000235100.2,ENSG00000235100,RP11-80H5.9,lincRNA,ENSG00000235100.2 (RP11-80H5.9)
ENSG00000235177.1,ENSG00000235177,NA,NA,ENSG00000235177.1
ENSG00000235245.1,ENSG00000235245,RP11-122K13.12,antisense,ENSG00000235245.1 (RP11-122K13.12)
ENSG00000235264.1,ENSG00000235264,RPL5P28,processed_pseudogene,ENSG00000235264.1 (RPL5P28)
ENSG00000235316.1,ENSG00000235316,DUSP8P5,processed_pseudogene,ENSG00000235316.1 (DUSP8P5)
ENSG00000235376.4,ENSG00000235376,RPEL1,protein_coding,ENSG00000235376.4 (RPEL1)
ENSG00000235489.2,ENSG00000235489,DBF4P1,processed_pseudogene,ENSG00000235489.2 (DBF4P1)
ENSG00000235618.2,ENSG00000235618,FAM21EP,transcribed_unprocessed_pseudogene,ENSG00000235618.2 (FAM21EP)
ENSG00000235677.1,ENSG00000235677,NPM1P26,processed_pseudogene,ENSG00000235677.1 (NPM1P26)
ENSG00000235742.1,ENSG00000235742,RP11-5G18.2,processed_pseudogene,ENSG00000235742.1 (RP11-5G18.2)
ENSG00000235763.1,ENSG00000235763,SNRPGP5,processed_pseudogene,ENSG00000235763.1 (SNRPGP5)
ENSG00000235816.2,ENSG00000235816,PRELID1P3,processed_pseudogene,ENSG00000235816.2 (PRELID1P3)
ENSG00000235823.1,ENSG00000235823,OLMALINC,lincRNA,ENSG00000235823.1 (OLMALINC)
ENSG00000235962.4,ENSG00000235962,RP11-462L8.2,processed_pseudogene,ENSG00000235962.4 (RP11-462L8.2)
ENSG00000236058.2,ENSG00000236058,RP11-215A21.2,processed_pseudogene,ENSG00000236058.2 (RP11-215A21.2)
ENSG00000236154.1,ENSG00000236154,RP11-343J3.2,antisense,ENSG00000236154.1 (RP11-343J3.2)
ENSG00000236217.2,ENSG00000236217,C1DP2,processed_pseudogene,ENSG00000236217.2 (C1DP2)
ENSG00000236308.1,ENSG00000236308,RP11-316M21.7,antisense,ENSG00000236308.1 (RP11-316M21.7)
ENSG00000236370.1,ENSG00000236370,NA,NA,ENSG00000236370.1
ENSG00000236420.1,ENSG00000236420,CHCHD3P1,processed_pseudogene,ENSG00000236420.1 (CHCHD3P1)
ENSG00000236493.1,ENSG00000236493,EIF2S2P3,processed_pseudogene,ENSG00000236493.1 (EIF2S2P3)
ENSG00000236514.1,ENSG00000236514,RP11-162G10.5,antisense,ENSG00000236514.1 (RP11-162G10.5)
ENSG00000236552.1,ENSG00000236552,RPL13AP5,processed_pseudogene,ENSG00000236552.1 (RPL13AP5)
ENSG00000236582.1,ENSG00000236582,PRPF38AP2,processed_pseudogene,ENSG00000236582.1 (PRPF38AP2)
ENSG00000236756.3,ENSG00000236756,DNAJC9-AS1,antisense,ENSG00000236756.3 (DNAJC9-AS1)
ENSG00000236762.1,ENSG00000236762,RP11-159H3.1,processed_pseudogene,ENSG00000236762.1 (RP11-159H3.1)
ENSG00000236797.1,ENSG00000236797,SPA17P1,transcribed_processed_pseudogene,ENSG00000236797.1 (SPA17P1)
ENSG00000236991.1,ENSG00000236991,EDRF1-AS1,antisense,ENSG00000236991.1 (EDRF1-AS1)
ENSG00000236993.2,ENSG00000236993,GAPDHP21,processed_pseudogene,ENSG00000236993.2 (GAPDHP21)
ENSG00000237036.2,ENSG00000237036,ZEB1-AS1,antisense,ENSG00000237036.2 (ZEB1-AS1)
ENSG00000237149.3,ENSG00000237149,ZNF503-AS2,antisense,ENSG00000237149.3 (ZNF503-AS2)
ENSG00000237399.1,ENSG00000237399,PITRM1-AS1,antisense,ENSG00000237399.1 (PITRM1-AS1)
ENSG00000237417.1,ENSG00000237417,XRCC6P1,processed_pseudogene,ENSG00000237417.1 (XRCC6P1)
ENSG00000237470.2,ENSG00000237470,DCLRE1CP1,unprocessed_pseudogene,ENSG00000237470.2 (DCLRE1CP1)
ENSG00000237489.2,ENSG00000237489,LINC00959,lincRNA,ENSG00000237489.2 (LINC00959)
ENSG00000237540.1,ENSG00000237540,RP11-730A19.7,processed_pseudogene,ENSG00000237540.1 (RP11-730A19.7)
ENSG00000237590.1,ENSG00000237590,RP11-20J15.2,lincRNA,ENSG00000237590.1 (RP11-20J15.2)
ENSG00000237592.1,ENSG00000237592,IGKV1OR10-1,IG_V_pseudogene,ENSG00000237592.1 (IGKV1OR10-1)
ENSG00000237827.1,ENSG00000237827,RP11-332O19.2,processed_pseudogene,ENSG00000237827.1 (RP11-332O19.2)
ENSG00000237840.1,ENSG00000237840,FAM21FP,transcribed_unprocessed_pseudogene,ENSG00000237840.1 (FAM21FP)
ENSG00000237882.1,ENSG00000237882,PPIAP13,processed_pseudogene,ENSG00000237882.1 (PPIAP13)
ENSG00000237943.1,ENSG00000237943,PRKCQ-AS1,processed_transcript,ENSG00000237943.1 (PRKCQ-AS1)
ENSG00000237970.1,ENSG00000237970,TMEM161BP1,processed_pseudogene,ENSG00000237970.1 (TMEM161BP1)
ENSG00000238115.1,ENSG00000238115,NA,NA,ENSG00000238115.1
ENSG00000238280.1,ENSG00000238280,RP11-436D10.3,antisense,ENSG00000238280.1 (RP11-436D10.3)
ENSG00000239647.1,ENSG00000239647,NA,NA,ENSG00000239647.1
ENSG00000239665.1,ENSG00000239665,RP11-295P9.3,protein_coding,ENSG00000239665.1 (RP11-295P9.3)
ENSG00000239769.1,ENSG00000239769,NA,NA,ENSG00000239769.1
ENSG00000239883.2,ENSG00000239883,PARPG1,transcribed_unprocessed_pseudogene,ENSG00000239883.2 (PARPG1)
ENSG00000240089.2,ENSG00000240089,BMS1P3,transcribed_unprocessed_pseudogene,ENSG00000240089.2 (BMS1P3)
ENSG00000240291.1,ENSG00000240291,RP11-499P20.2,antisense,ENSG00000240291.1 (RP11-499P20.2)
ENSG00000240475.1,ENSG00000240475,NA,NA,ENSG00000240475.1
ENSG00000240660.1,ENSG00000240660,NA,NA,ENSG00000240660.1
ENSG00000240996.1,ENSG00000240996,RP11-80H5.7,lincRNA,ENSG00000240996.1 (RP11-80H5.7)
ENSG00000241058.1,ENSG00000241058,NSUN6,protein_coding,ENSG00000241058.1 (NSUN6)
ENSG00000241935.4,ENSG00000241935,HOGA1,protein_coding,ENSG00000241935.4 (HOGA1)
ENSG00000242288.3,ENSG00000242288,RP11-464F9.1,processed_transcript,ENSG00000242288.3 (RP11-464F9.1)
ENSG00000242338.1,ENSG00000242338,BMS1P4,transcribed_unprocessed_pseudogene,ENSG00000242338.1 (BMS1P4)
ENSG00000242600.2,ENSG00000242600,MBL1P,unitary_pseudogene,ENSG00000242600.2 (MBL1P)
ENSG00000242629.1,ENSG00000242629,NA,NA,ENSG00000242629.1
ENSG00000242848.1,ENSG00000242848,NA,NA,ENSG00000242848.1
ENSG00000243251.3,ENSG00000243251,PGBD3,protein_coding,ENSG00000243251.3 (PGBD3)
ENSG00000243289.1,ENSG00000243289,CTGLF8P,unprocessed_pseudogene,ENSG00000243289.1 (CTGLF8P)
ENSG00000243628.1,ENSG00000243628,NA,NA,ENSG00000243628.1
ENSG00000243660.3,ENSG00000243660,ZNF487,protein_coding,ENSG00000243660.3 (ZNF487)
ENSG00000243698.1,ENSG00000243698,NA,NA,ENSG00000243698.1
ENSG00000243899.1,ENSG00000243899,NA,NA,ENSG00000243899.1
ENSG00000244332.1,ENSG00000244332,RP11-119K6.6,sense_overlapping,ENSG00000244332.1 (RP11-119K6.6)
ENSG00000244365.1,ENSG00000244365,NA,NA,ENSG00000244365.1
ENSG00000244393.2,ENSG00000244393,NA,NA,ENSG00000244393.2
ENSG00000244733.1,ENSG00000244733,RP11-506M13.3,lincRNA,ENSG00000244733.1 (RP11-506M13.3)
ENSG00000249456.1,ENSG00000249456,RP11-298J20.4,sense_overlapping,ENSG00000249456.1 (RP11-298J20.4)
ENSG00000250959.2,ENSG00000250959,GLUD1P3,transcribed_unprocessed_pseudogene,ENSG00000250959.2 (GLUD1P3)
ENSG00000251070.1,ENSG00000251070,NA,NA,ENSG00000251070.1
ENSG00000251079.2,ENSG00000251079,BMS1P2,transcribed_unprocessed_pseudogene,ENSG00000251079.2 (BMS1P2)
ENSG00000251582.1,ENSG00000251582,NA,NA,ENSG00000251582.1
ENSG00000253626.2,ENSG00000253626,EIF5AL1,protein_coding,ENSG00000253626.2 (EIF5AL1)
ENSG00000254536.1,ENSG00000254536,RP11-108K14.8,protein_coding,ENSG00000254536.1 (RP11-108K14.8)
ENSG00000254635.1,ENSG00000254635,WAC-AS1,antisense,ENSG00000254635.1 (WAC-AS1)
ENSG00000254929.1,ENSG00000254929,RP11-144G6.12,processed_transcript,ENSG00000254929.1 (RP11-144G6.12)
ENSG00000255339.2,ENSG00000255339,RP11-411B6.6,protein_coding,ENSG00000255339.2 (RP11-411B6.6)
ENSG00000255624.1,ENSG00000255624,RP11-564D11.3,transcribed_processed_pseudogene,ENSG00000255624.1 (RP11-564D11.3)
ENSG00000256545.1,ENSG00000256545,NA,NA,ENSG00000256545.1
ENSG00000256574.2,ENSG00000256574,OR13A1,protein_coding,ENSG00000256574.2 (OR13A1)
ENSG00000258539.1,ENSG00000258539,RP11-12J10.3,protein_coding,ENSG00000258539.1 (RP11-12J10.3)
ENSG00000258838.1,ENSG00000258838,ERCC6-PGBD3,protein_coding,ENSG00000258838.1 (ERCC6-PGBD3)
ENSG00000259994.1,ENSG00000259994,RP11-305E6.4,sense_overlapping,ENSG00000259994.1 (RP11-305E6.4)
ENSG00000260400.1,ENSG00000260400,RP11-119F7.5,sense_overlapping,ENSG00000260400.1 (RP11-119F7.5)
ENSG00000260461.1,ENSG00000260461,RP11-541N10.3,sense_overlapping,ENSG00000260461.1 (RP11-541N10.3)
ENSG00000260475.1,ENSG00000260475,RP11-85A1.3,lincRNA,ENSG00000260475.1 (RP11-85A1.3)
ENSG00000260589.1,ENSG00000260589,STAM-AS1,antisense,ENSG00000260589.1 (STAM-AS1)
ENSG00000260917.1,ENSG00000260917,RP11-57H14.4,sense_overlapping,ENSG00000260917.1 (RP11-57H14.4)
ENSG00000261011.1,ENSG00000261011,RP11-96C23.11,transcribed_unprocessed_pseudogene,ENSG00000261011.1 (RP11-96C23.11)
ENSG00000261438.1,ENSG00000261438,RP11-399O19.9,sense_overlapping,ENSG00000261438.1 (RP11-399O19.9)
ENSG00000262412.1,ENSG00000262412,RP11-85G18.6,lincRNA,ENSG00000262412.1 (RP11-85G18.6)
