ID,PC1,PC2,PC3,PC4,PC5
HG00096,0.5141979277988884,-0.26340539653160994,-1.3910560254059623,0.026035442212836733,0.01740769310563505
HG00097,0.511735204393392,-0.28883297128244995,-1.519209371573728,-0.09098193819088377,0.0026127820985805553
HG00099,0.512541701407025,-0.21130823377749564,-1.576231311571464,0.006610071428365681,0.005049512635537735
HG00100,0.5097950661527153,-0.3404315305682723,-1.5836325247095626,-0.22656859317727895,0.07299610873450406
HG00101,0.5100816737318402,-0.2595836155175511,-1.6692308999682084,-0.09477237809457884,-0.03395947813917065
HG00102,0.5138157737904528,-0.20652799916269643,-1.5830048544942712,-0.0936925875582105,0.12725324536655552
HG00103,0.512110706930034,-0.3481300439466428,-1.2814197897663056,0.06747926538229468,0.061222779955768206
HG00105,0.5046764514329294,-0.31197642853270374,-1.43639972717317,-0.013529099635659689,0.02297583228783049
HG00106,0.5180831894367187,-0.34507355779724996,-1.3031234987137261,-0.054371149764039964,0.10061898666129532
HG00108,0.5064383036347107,-0.2111128458633571,-1.5895681540013056,-0.059194817656236055,0.1234532472216774
HG00109,0.5145121078644768,-0.3557412746810651,-1.4003998130518311,0.050166267238537066,0.14371933892355201
HG00110,0.5151835881374974,-0.2339876541623486,-1.4392531433666769,-0.07440943482625675,0.08409547180161929
HG00111,0.5076958068633964,-0.20091639985274903,-1.5684594922021757,-0.036907198507126704,0.14891185692726988
HG00112,0.5112354528893425,-0.19585775129331956,-1.5276913723000691,-0.05392841330853752,0.0729004651981303
HG00114,0.5086888646067252,-0.20232144835286647,-1.476021533827401,-0.0634167691023297,0.038730711567193925
HG00115,0.5098006827389219,-0.30315262507355323,-1.2902583968185564,-0.003417946667985004,0.04750119632401884
HG00116,0.5252605354853818,-0.28960468331555256,-1.8980588930998312,0.02344204412050667,0.012025320494064183
HG00117,0.5200048371190078,-0.2175595068154541,-1.3912621865888029,0.142323789004721,0.026771173319205525
HG00118,0.5184638748614573,-0.3029457267304863,-1.468891198035966,-0.042443297751535755,0.061776084012085994
HG00119,0.5086347000072944,-0.2291339823107874,-1.5732663182593984,-0.0831197591631362,0.07161788325632455
HG00120,0.5155193356997523,-0.2746661473180011,-2.1929857116260494,-0.03966181950537357,0.023956143795673072
HG00121,0.5173156893642502,-0.1495212972405718,-1.5032633267003606,-0.1102613257780436,0.03219817574183356
HG00122,0.508418180079838,-0.29781089436924607,-1.2213367187956266,0.02569309455705101,0.03790285685654008
HG00123,0.5042940881247022,-0.25205796436245015,-1.6823141287283105,0.010783818874212424,0.0774147156789387
HG00125,0.5022995083877297,-0.21304548764971815,-1.4612486220719227,-0.05820877149550698,0.1346733339705313
HG00126,0.5085717751950275,-0.3369541359831429,-0.9188973766948638,-0.10445832875772197,0.03634168488458435
HG00127,0.5134111256507822,-0.35566083604405674,-1.1810573843001482,0.04933800837680072,0.12133184302221652
HG00128,0.5127946378980878,-0.3839014482189833,-0.9096881159139188,-0.012216443135046965,0.07238540452383735
HG00129,0.5137896293493527,-0.19859533719384287,-1.002995215955151,-0.05178204419453987,0.08932487305739863
HG00130,0.5031823872498482,-0.37941701336536643,-1.104531929880302,-0.1621820423739581,0.02163432547495405
HG00131,0.49789888982997493,-0.29217833312197755,-0.8529827701589395,-0.1050918033293091,-0.09533019269138886
HG00132,0.5119737514062325,-0.42550181816492155,-1.1073304525192778,-0.005673532930605723,-0.09200398516411691
HG00133,0.513365122252794,-0.3456016667176287,-1.0580267830274188,-0.04022903607149903,-0.04660965877949859
HG00136,0.5129977101599126,-0.2281166155675325,-1.1651004415370279,-0.011889883654616695,0.1010193245328563
HG00137,0.5162418189084618,-0.333338276661355,-1.1472246933397376,0.05916786128387089,0.03657247880689765
HG00138,0.5041187567894911,-0.2886795542243874,-0.8528061064725486,0.013589268294496167,-0.012445578536391574
HG00139,0.5103196194379451,-0.354703310607968,-0.9280118002885214,-0.16580443236035378,-0.061935843725947945
HG00141,0.5233123760508491,-0.2453794342990315,-0.9105696348471788,0.18845323258228974,0.05618159540130859
HG00142,0.5058976430061938,-0.34051166046801457,-0.7737632062895976,0.057751114695663686,0.08898327306028363
HG00143,0.50892793915019785,-0.3401454363784953,-0.6969936255706631,-0.08820071622423797,0.04021986765047096
HG00145,0.5112148284754201,-0.36680512405417803,-0.838368004145221,0.0023086090391190284,-2.468619341814822e-4
HG00146,0.5161530191927945,-0.3769313285532804,-0.8797630483787741,0.015058739490087986,0.005512682256809792
HG00148,0.5086421935089596,-0.37282868501382854,-1.1241954948815982,0.06636979509592615,0.07760705981784016
HG00149,0.5083429112423877,-0.2393884343139498,-0.8827066205463209,0.05286461421970253,0.010073566604365264
HG00150,0.5065114918351481,-0.2911761941665284,-0.9756518427962672,0.01302439790297684,-0.024946752496302356
HG00151,0.5101074472819304,-0.28719566173076305,-1.1023246475150363,-0.06407354214694698,0.11182457940769926
HG00154,0.5166343646259127,-0.35647194554688694,-0.7515618782601582,-0.0721504124192789,0.05970539277518437
HG00155,0.5179718092574513,-0.2409375548971793,-1.1222232708007438,-0.053384535763234285,0.02327226361569989
HG00157,0.5036602192989286,-0.26404612279316475,-1.1236868736123724,-0.10577042098493478,0.06252883883270807
HG00158,0.49732625026137356,-0.3171332218622874,-1.119188006712546,-0.06384268028088455,-0.01762876408015204
HG00159,0.5027659813279033,-0.3867297186115042,-0.9670493721799591,-0.059918325219120036,0.03514651628307551
HG00160,0.5166298412777598,-0.30895009963854464,-1.068212247845704,-0.07706276348002372,0.016772503705852843
HG00171,0.5038634845570771,2.0675764053221006,0.8608074771953168,-0.0085615041310903,-0.008409451555582956
HG00173,0.5039254433662821,1.8785559528219025,0.6912400274806703,0.09505181058584238,0.04966700893191469
HG00174,0.49868006798882863,1.3048065124101726,0.29961638845746713,0.011156558044375682,0.03523286111649559
HG00176,0.4904031734113235,1.9481849187597362,1.0003870926601048,-0.11299129469557652,-0.03324916519865039
HG00177,0.48110157689644845,1.9967343811655385,0.8660713296854765,-0.004253486725263507,-0.12084248105973859
HG00178,0.5015166513012574,1.68361934559356,0.5250758553806721,0.03422127209919134,-0.04651430885643543
HG00179,0.4853388552001812,1.7303678234780036,0.49935990252517076,0.038499096914793536,-0.12544389330603603
HG00180,0.497005856059235,1.7285312028185027,0.49334436738246795,0.02180772430117052,-0.006150891511640299
HG00181,0.4577055492775359,1.0111386046589823,1.1203846347814486,0.1455258585217868,-0.15092320192356218
HG00182,0.4730671239811722,1.8980748887690304,0.6446507535196616,0.0783370256323482,0.07895956182016364
HG00183,0.49419860538812005,1.9458256407881658,0.7059877114141841,0.07698335606070303,0.023925045540289083
HG00185,0.4892860579191621,1.9987308212155188,0.7017215174183764,0.03772277729317532,-0.013678545045475943
HG00186,0.49018106958155505,2.0157219755082583,0.767974583042178,-0.004611795741341936,-0.02325648726324819
HG00187,0.4809158059082468,2.2208761964584722,1.1696635927345296,-0.02969872227929058,0.09074130856765641
HG00188,0.498793202309373,1.6721364351857122,0.6853993223084562,-0.08479855039982515,1.8714116708489279e-4
HG00189,0.4905586758403969,1.5638225313825964,0.4428088356717655,-0.041783416801432924,0.06563432084043608
HG00231,0.5007528389409385,-0.38093739158174544,-1.1142524155843248,-0.043876115969719465,0.15183876846855504
HG00232,0.5108729582738795,-0.35250953524474504,-1.2811153549492003,-0.10391054950184288,0.062271384751118077
HG00233,0.5038741850265007,-0.39197256228638383,-0.8349728907281522,0.09337673110580286,0.007442787633732604
HG00234,0.5132577965518176,-0.30932033521448005,-1.0501053106521723,0.00392225561573005,0.12779917989803372
HG00235,0.5078068099661468,-0.3594878960833346,-1.1445100718159777,0.07409020698829905,-0.052174360021775196
HG00236,0.5015847926826889,-0.4027428846444451,-1.2612905866268285,0.0870060429304075,0.24128146843710002
HG00238,0.5082733702186408,-0.39265497531518306,-1.454936497518362,-0.08525562163903179,0.007867603970949032
HG00239,0.50376786542283,-0.27345244840927957,-1.1961124540736003,0.08892044290050258,0.09888152267443515
HG00240,0.5162963078493489,-0.34543050332612296,-1.4946987094435138,0.020049955579869574,0.026568106588483593
HG00242,0.5030770192927231,-0.34664937922945266,-1.082658579629567,0.053401575306514966,0.09932047310261187
HG00243,0.5120965123709674,-0.33196725720789677,-1.1311895342708824,0.0787915508690435,0.012742555569939184
HG00244,0.5070032031190599,-0.44989590809036784,-1.110769201181517,-0.032907666645944356,0.0365600782732623
HG00245,0.49891568985934065,-0.3299963865100235,-0.8708689055941746,-0.049934993582951455,0.08559147807653297
HG00246,0.4991296178447343,-0.3402230145254298,-1.0279862855860629,-0.00333649279606681,0.014649023589717232
HG00250,0.513622249025335,-0.3341082474857373,-1.1003629166186628,-0.03513133392723912,0.07895167013085622
HG00251,0.50574891004479,-0.4285823567031005,-1.2957709587282737,0.08611787364897554,0.13523169789747855
HG00252,0.5131707772414841,-0.28812334996196615,-1.1358577354945276,0.07588625924861432,0.03839299966045125
HG00253,0.5143513959181094,-0.3441004106036451,-1.2242775648115773,-0.05738220383230655,-0.07865266724111111
HG00255,0.50154112924224,-0.3349005422224049,-0.9911913497858158,-0.020757595271349245,0.016521570518809627
HG00256,0.5168762415695527,-0.3354313693322902,-1.1940767680722317,0.03202079385617618,0.04890046280671475
HG00257,0.5078805523588731,-0.3571964788430989,-1.062045181634062,0.020761741694112067,-0.001933559071607934
HG00258,0.5117703048279415,-0.2645653057857778,-1.1626541701972115,-0.029722737598694385,0.05651792147861942
HG00259,0.5123114206043282,-0.4044626937502666,-0.8908528954958452,-0.013324953977936036,0.04512597111486035
HG00260,0.5100589550658489,-0.2849672947500535,-1.0721353230763633,0.06243468190970356,0.02766536411631231
HG00261,0.513136438040716,-0.3915153945732542,-1.2298540044151374,-0.05458086895394375,0.07589046452128269
HG00262,0.5139453431491159,-0.3558804655231405,-0.9195206968684319,0.008909322382797971,0.009866390936739196
HG00263,0.5137988485899008,-0.3955230827591306,-1.0838637305225722,-0.14355095091115744,-0.0376108076860945
HG00264,0.5043052535151227,-0.3914797625709412,-1.3027386344845537,0.148318127967848,0.04386985678182522
HG00265,0.5184603275813746,-0.2871058267963213,-1.2772656463993612,-0.0018101275565928967,-0.02444257619941147
HG00266,0.4868593533201874,1.859277232228658,0.9943606767104285,0.041292272476716005,-0.04855331272021513
HG00267,0.48885826464658955,1.9201773107160431,0.8700172134049309,-0.023696183583668404,-0.10757135549449587
HG00268,0.4995291108548085,1.5541397165115236,0.28648760660033384,-0.037121165788209745,-0.038658218752347734
HG00269,0.4914665207481469,2.051117574906806,0.7060458529589473,0.029607811516493884,0.03937737550231758
HG00271,0.4859511518816808,2.430649088977253,1.221870574348602,0.03675600339149676,0.06216548823261191
HG00272,0.4762321547795702,2.153261000501592,1.049801949370831,0.0704948209041731,-0.013515966446967925
HG00273,0.4926431127588956,1.5392048126681923,0.28033347969453554,0.03964077618508794,0.03101962458138198
HG00274,0.5011774944767485,1.6739222890802599,0.6628464765434077,0.021094887581038602,-0.04163138233422235
HG00275,0.5004343995767232,1.428244883558697,0.2994216966264481,-0.1381008847058653,-0.08083847919108483
HG00276,0.4822615937996697,1.848978229302982,0.7873454427889491,-0.017702909176929172,0.04416846192871616
HG00277,0.5060086907803998,1.155508308990843,-0.11435501608686574,0.0026482752977033575,-0.03153439829807297
HG00278,0.4869897390882184,2.0213753894906894,0.889339013660423,0.09202772216562151,-0.15714114173129745
HG00280,0.49668712126836917,1.78974544969185,0.5499079672949453,-0.10354487895221129,-0.025294467981617354
HG00281,0.5037243554226759,1.7638008102522607,0.5833512721929731,-0.019462633169183608,-0.06697835736415732
HG00282,0.49489356844255294,1.9278469808256862,0.6988644214384299,-0.10522328287610647,0.026919022069804874
HG00284,0.5027841343412225,1.762444163507941,0.8258160925872579,-0.07856833372377962,-0.006036123622652969
HG00285,0.48581288781751564,2.159317981332337,0.9489742618049204,0.04192327588748122,-0.040188125825121705
HG00306,0.5108336002214062,1.4146457991052455,0.03653072191734536,-0.03429250638245101,0.03283644871517043
HG00308,0.47956135389759175,1.8440951480967869,0.6833148214627425,0.10375480854558349,0.03476346883436644
HG00309,0.4919511100848464,1.8268252559956113,0.548970494705344,-0.10747059934600597,-0.0574098058461828
HG00310,0.5060196301516114,1.4763437819132281,0.15944848723777863,-0.03286851981432245,0.041271877264379746
HG00311,0.5146109170554735,1.1746255180269682,0.17480609643242348,0.09129869152848095,0.023482212128400497
HG00313,0.4917024431240057,1.994071288208677,0.8292754924485699,0.025721138501362945,0.03583969058604935
HG00315,0.4950437305765088,1.7656127991699408,0.6233115943094719,-0.011295173689132446,0.05871733268578823
HG00319,0.4946094238635159,1.8605058926362947,0.4405604896801233,0.06559654878563631,0.056117699807094114
HG00320,0.49776930381220325,1.5776926467599066,0.5085382793423004,-0.008938248008279102,0.04946651922407799
HG00321,0.49348234919710354,1.8608998323004438,0.7719344031220907,0.08520894156342344,-0.0018353813520825821
HG00323,0.4901438750460695,2.1679471614097685,1.0566578458213205,0.015399477219369358,-2.0658096118256208e-4
HG00324,0.48767929945522703,2.203554459228455,0.8905061453785784,-0.03852676067136786,-0.053055653665632405
HG00325,0.5004643302505271,2.2490520584703746,1.0671240865542617,0.034595406094475145,-0.045796496083733915
HG00326,0.4968075647887297,1.8384275681358029,0.42061117015142596,0.005249511185302136,-0.06861746289043562
HG00327,0.49541613770033516,1.8482691267947935,0.5235663902261051,-0.005327233634324979,0.01370284479392285
HG00328,0.5024249193058035,1.7832289338575764,0.5582011949119425,0.04850696494662416,0.04651048020755243
HG00329,0.498416610755454,1.527410765618803,0.32759315717082027,0.062882944616678,-0.06170903151896656
HG00330,0.4915515066947283,1.5964660214620447,0.05325019511773173,0.03384826427734217,0.015937063185927622
HG00331,0.4955036651345908,1.5001351682425768,0.46308558936731126,0.05988479226241708,-0.04800223673275651
HG00332,0.48855078462349716,1.517558961111364,0.4001523500396241,0.07385729639592638,-0.07039270601842525
HG00334,0.509509563580417,1.5290418925874218,0.24768382574229084,-0.004859698697587638,-0.08907493337876836
HG00335,0.5071609035041368,1.7081789451472102,0.6100504111801194,0.019796094006635498,-0.034971594016829324
HG00336,0.49498656702458566,1.8572124883807575,0.8002893360735895,-0.019679591178835106,-0.08229414226224827
HG00337,0.5041564310881617,1.4167857168561528,-0.018331942918387186,0.0514211389306556,-0.025943987801393256
HG00338,0.49379610853944533,1.8021623513305707,0.37381984104536553,-0.025428564666066834,0.054276295912298135
HG00339,0.49281880064763484,1.5772893890089874,0.33001086785130135,0.06520639052398045,-0.007915039290697253
HG00341,0.4651725546269306,1.0802779128529483,0.6504648090061342,-0.029549456633293433,0.09596759040412424
HG00342,0.5027799582338707,2.0240793368568952,0.7685952345898835,0.07779314954302921,0.04941266272031993
HG00343,0.491705450985901,1.8542902756107076,0.8046113996691708,0.04162848447051951,-0.058437389436386614
HG00344,0.5087186834675366,0.8203925648098124,-0.20119312186758828,-4.6405195775190095e-4,-0.06945107212245064
HG00345,0.49356820852603195,1.7631447038425934,0.6820229303201124,0.0663225241803611,-0.1042128617777433
HG00346,0.49495842388114464,1.5463019412426573,0.5639678384296408,0.050136234670193375,-0.09841439117447934
HG00349,0.484772397896943,1.93892661962007,0.5158178064956496,-8.985398146046908e-4,0.015112932762448277
HG00350,0.4963531883355557,0.8466892274910398,-0.3024374059014746,-0.046675920767145274,-0.03315367806432598
HG00351,0.4905658978612255,1.803858904444947,0.795504612953086,-0.005864540985418389,0.07363817879612879
HG00353,0.5045864737011531,1.829689609906422,0.5363141730598422,0.019184237155801316,0.011922114756775954
HG00355,0.5070169943702167,1.4778554675519306,0.2882515822780812,-0.020103125787733628,-0.05893447377951867
HG00356,0.49638609438572834,1.6554228148485186,0.449498336839809,-0.008678641613194567,-0.10184962771713667
HG00358,0.48536365759150807,2.393758426410407,1.1948143111035237,0.08962490340369779,-0.02126270137391369
HG00360,0.4996690448482236,1.5333260651487883,0.29507580352888735,-0.012173084883515817,-0.017193151471119657
HG00361,0.4937825308904315,2.2675080551528386,0.8651836023533217,0.020499240664697074,-0.03505573223622526
HG00362,0.4992278498026552,1.5904038444198698,0.17173918170028027,-0.04501178991838775,-0.05195821201081266
HG00364,0.4911671282561435,1.72682961549039,0.5540119099561823,-0.11121581380868241,-0.1496744670195414
HG00365,0.4973817781695047,2.1965811545461653,0.9948919291169346,0.05193908992771915,-0.053611069960405794
HG00366,0.49464713335206284,1.7332514979683509,0.6200707903372898,-0.04009091904973753,0.02129126825577098
HG00367,0.4999125629988416,1.6420638505179077,0.4259256702975755,0.1351793699111471,-0.004187068234769977
HG00369,0.4886803784652698,2.0107241619542604,0.6686486649855683,0.05495579424556334,-0.015780088492571013
HG00371,0.49078273082981577,1.8152257391460846,0.6821957370719541,0.02316838290964895,-0.18153607305299158
HG00372,0.5049481314355204,1.7596146617110482,0.5053362407901099,0.058891897582056464,-0.11304125622628272
HG00373,0.495224525325079,2.0688669558269877,0.9502154005370881,-0.05199583292602756,-0.0644467826478339
HG00375,0.4975596351837202,1.954436741105247,0.7501929307153382,0.07518517890536747,-0.11968187157503403
HG00376,0.5058933011939982,1.4927237543413487,0.2842936077444232,-0.10051161649156884,-0.03489059263177447
HG00378,0.4957669831445915,1.8121243612601554,0.6145113305770366,-0.04285543316615726,-0.01981448728558398
HG00379,0.5050697000170683,1.6838508348945662,0.3483588698595028,0.05093448400277889,0.07973214975378554
HG00380,0.5009179964774872,1.0022558496283636,-0.12612252475528696,-0.02779169014059573,-0.02853122893601872
HG00381,0.508326404748837,1.8587127090948437,0.7882846344739933,0.03815430502946094,-0.1136709546933138
HG00382,0.48361290736270013,2.085528064213871,0.900425573947791,0.12866244868268067,0.12767037974963438
HG00383,0.48775869350684525,2.218897968172798,0.9769732579389161,-0.08652555709618537,0.025629773432366946
HG00384,0.507375643922697,1.7806703142803009,0.47514642569592946,0.005216561564562554,0.09498862567747608
HG01334,0.5081425554630622,-0.28751831354024443,-1.0410223873369335,-0.06937521709532814,0.05104149494330903
HG01789,0.5129293413510022,-0.3375944534534976,-1.3495309922325045,-0.06415477439869344,0.03983869914702965
HG01790,0.5091457709185001,-0.35863498107729447,-0.9748254782253976,-0.1157979021820771,0.04229334851076715
HG01791,0.5128091431081492,-0.35905580332605197,-0.9623028227191786,0.073145504715295,0.08436248715428593
HG02215,0.5122097725487293,-0.3219638992206448,-1.1025768284117554,-0.13676122905399982,-0.11565763746051652
NA06984,0.513039097303992,-0.30485521647126623,-1.1485665457785714,0.004157782442757949,-0.0372136773292323
NA06985,0.4958782379216701,-0.36291775471178084,-0.8529777691025665,-0.20214303835584052,-0.009196885692522406
NA06986,0.5015452445066444,-0.28378216579447335,-1.2435132239972184,-0.01369222710421296,-0.012736038166257102
NA06989,0.508933607410067,-0.24735495011909614,-1.258062940815597,0.059712569481957974,0.001629563006039615
NA06994,0.5160944612009544,-0.23897410178226414,-1.0316267669432153,-0.09288766878973136,0.04519046368511996
NA07037,0.4978894124977957,-0.40181479428055494,-0.9684258838890277,0.07703508841528177,0.12817881462039266
NA07048,0.49318793089258084,-0.3389810198161833,-1.1401141329742257,-0.08611182827536548,-0.035179670994886225
NA07051,0.5277575893747865,-0.2092808672154059,-0.9791262753544714,0.02736844677681799,0.12489548576121982
NA07056,0.510187767035417,-0.33242735369219545,-1.146031551745246,-0.002678363448573163,0.1238427557963108
NA07347,0.5125458743875627,-0.42635144615947934,-0.6927600839991965,0.0057993266931961425,0.13945786713911104
NA07357,0.5140388947086925,-0.32641368412580074,-0.6769253440907242,0.10673810227018608,0.19412204690601398
NA10847,0.5132755832164637,-0.24003517501493507,-0.7228329541827277,0.010841400726676437,0.0470018421471412
NA10851,0.5278957086131054,-0.1489033913404407,-1.1048120531897248,-0.0020526738973381995,0.04533758181206936
NA11829,0.519125338852961,-0.035679204516536694,-1.0935679763937753,-0.0030969123730597457,0.07862599160258975
NA11830,0.5171441808425771,-0.09944323365207708,-0.7963681352431377,-0.24590329370628794,0.13685770128815664
NA11831,0.5039463913152984,-0.33606776769766494,-0.8887248138573393,-0.04742022324502626,-0.016466131373954362
NA11832,0.5075464715688195,-0.45279929367303956,-0.39437048017941523,0.004602299138959892,0.05088331563601423
NA11840,0.5160245382982116,0.019893026497599563,-0.7406774143247424,-0.039860168067615054,0.035580131184199164
NA11843,0.5065201466812549,-0.23262298715408075,-0.815536326898604,-0.10588962797443421,0.07943712361681388
NA11881,0.5109462152984438,-0.26989971915595695,-0.7392779621309373,0.05793628320847397,0.09344514101479952
NA11892,0.5002986471635534,-0.26039941819796497,-0.7776095395479091,0.09324937929540915,0.09164543220282452
NA11893,0.5169956287889449,-0.32323364719235337,-1.0755653724295167,0.06155984116000708,-0.07758233522416826
NA11894,0.5096157464005092,-0.3401606816279115,-1.2207701426207809,-0.03349506632600093,0.1441637190576567
NA11918,0.5184298482950906,-0.3280203276638387,-1.0252432199616668,0.03265286133661373,0.27521669051286174
NA11920,0.5187519003040629,-0.3080206298193048,-0.9344125153881331,-0.031389321069862655,0.003761579779277559
NA11930,0.4969862899496444,-0.2976906863111737,-0.5126395062951432,-0.04097169603738141,0.05827399674874792
NA11931,0.5117286586545963,-0.22946159849676864,-0.8366267436617061,0.036620636317741144,0.037372519816064716
NA11992,0.504384074163629,-0.40951233578530105,-0.82516466460666,0.012667051043241158,0.003537137937998964
NA11994,0.5132367347888119,-0.3012230388759462,-1.1219210233544306,0.08290252399426026,0.012101367486741886
NA11995,0.5144212947012666,-0.29665343279739187,-1.157540523398023,0.1350981317673575,0.07762347456860154
NA12004,0.5041291330652133,-0.3556885264015626,-0.6380020992534746,-0.10297362631139131,-0.006407333578807871
NA12005,0.5257012427960297,-0.32845084617658243,-1.0077620673008127,0.0013944102621816774,0.13365325238773743
NA12006,0.5220373635107751,-0.28873681627411896,-0.9371586941940204,0.022063949375658275,0.045333039308147194
NA12043,0.5262967500532482,-0.3439139511841781,-0.7943105614596108,0.02312334845259198,0.013719825082780236
NA12044,0.5206679166911113,-0.33061453032499655,-0.9832592641197593,-0.07145794780126451,-0.04092127438085956
NA12045,0.5041047046501368,-0.3970263450669628,-0.8758491364326425,0.07399649055736977,0.01579220979469603
NA12058,0.512929335384512,-0.26263172468049034,-1.015958697860205,-0.0683496224064491,0.0018894610151818903
NA12144,0.5059185191591067,-0.4850981109009603,-0.04162516889312176,-0.11016036418701226,-0.06755305391797801
NA12154,0.5230331189409965,-0.23070995110271617,-0.8694819497263495,0.005734904445163593,0.13853407965491263
NA12155,0.5163479378508297,-0.30709011439012585,-1.157650491376305,-0.020270662820598678,-0.06996351326053406
NA12156,0.5110425398872138,-0.30375830706449475,-1.2853894842686275,0.030000040562934475,0.022016725577468792
NA12234,0.5110274584192548,-0.3608997705603136,-0.7984014347848797,-0.0689525627126866,-0.047148441755373804
NA12249,0.5248845773650551,0.03142734070895377,-0.8954377603682098,0.012925126228001627,-0.008679561761947984
NA12272,0.5031331971781525,-0.43987395123487955,-0.7466781181890426,-0.058279275595300335,-0.030465062074728877
NA12273,0.4953067747524611,-0.46666926043525997,-0.4304938488268963,0.13296171736151924,-0.08073999509644374
NA12275,0.5021223988045597,-0.22749634947639308,-0.6948886571395446,-0.0659526022218083,-0.020065486665060354
NA12282,0.4958966909840716,-0.4189950390020385,-0.40915389661342294,-0.07260482159208813,0.054447503200035684
NA12283,0.489049125021153,-0.3992703768066016,-0.7939033922547458,-0.0185376241015318,0.11619891734447461
NA12286,0.485705326298273,-0.1539602789895489,-0.12286304447978126,0.06165924579086831,-0.0844062898389557
NA12287,0.511219094752282,-0.44274471159596923,-0.8010102616312023,-0.014845438004921831,0.07061330888622303
NA12340,0.5107975370553697,-0.34011316770412886,-1.003821046644339,0.027026921553710337,0.006170022523199095
NA12341,0.49188322234906134,-0.3082210787680324,-0.9309590008620579,-0.0648470775014039,0.04631619388243157
NA12342,0.5163102596141166,-0.27427336721736684,-1.2097760278320822,0.05310773675751444,-0.03924748408763309
NA12347,0.5134875690216866,-0.08315961451990163,-1.1417310437798636,0.03359715370764751,0.09665968799407836
NA12348,0.5085597776231953,-0.20197285791056946,-0.8608031336056977,-0.017644696224800804,-0.005225029345507521
NA12383,0.5006641441103146,-0.425269191576933,-0.5370169086847144,0.09627307755515851,-0.013743170841952026
NA12399,0.5046042889243615,-0.3128966717540303,-1.2172273597081777,0.08134571429267015,-0.013634781064408578
NA12400,0.5139529729761293,-0.4152906992474626,-0.9767398356854706,0.022625773164053304,0.07762026138621823
NA12413,0.4966668599937276,-0.4578529627700545,-0.32645368359750265,0.10308843784050316,-0.033854697324940765
NA12489,0.5142057321349355,-0.3629547306994746,-1.2693872253951912,-0.009466659497754834,0.07992230730372718
NA12546,0.4985140501166746,-0.36173994838864804,-0.8196214059310344,-0.08446972544348465,0.020038011670380395
NA12716,0.5317483201343917,-0.24383388344421608,-0.9046011363306088,-0.029910753141783566,0.02457455083483829
NA12717,0.508055169269644,-0.23680805427755003,-0.7394672952142779,-0.05070963031748863,0.030485337190497147
NA12718,0.5079941059942193,-0.2903308683359393,-0.774716647556768,-0.12970454834538073,0.0443933991286175
NA12749,0.5238612245261831,-0.33943407836827,-1.1014338791043805,-0.015139971533936323,-0.03790624580408677
NA12750,0.5100741061633337,-0.3284242431828337,-0.631872247139675,-0.029385651767069962,0.0884604294947726
NA12751,0.5067100983816227,-0.2450906302249824,-1.1843753320736388,-0.03571539716739629,0.02040535624607257
NA12760,0.49410192590323376,-0.3851819088258517,-0.8507710485944312,-0.0021847669348841595,-0.05423416442498171
NA12761,0.5126656976198967,-0.297086170622662,-0.9693848008061937,0.03672731387523407,0.12209868016226592
NA12762,0.521445865917377,-0.325205532444054,-0.8018704363278636,0.049062080942862664,-0.14975925290362402
NA12763,0.5042899195657133,-0.3109003992396474,-0.6226131950307787,0.017159517687411967,0.01928103095200152
NA12775,0.5182702490143757,-0.314577006011175,-0.9400651182225195,-0.029244857778940533,0.046803184897017076
NA12776,0.5069853331764398,-0.12879961305295692,-1.0983318418691213,-0.07988068902799922,0.03705690513244925
NA12777,0.5186480544380517,-0.37501715732851204,-1.02384929608137,0.008153750119752038,-0.04316697220501634
NA12778,0.517622082054571,-0.2922244131385004,-1.1337532555567136,-0.10284471280793826,0.08745191356218229
NA12812,0.5117465045764303,-0.26508818138946616,-0.8879682276572762,0.09227913340245694,0.017725110401719053
NA12813,0.5151936237943455,-0.4574323990829415,-0.789937213010288,0.03478533747968925,0.047986237945507416
NA12814,0.5132717123473615,-0.3035794025453334,-0.8671704313823304,0.06954236714661499,0.07471371872725992
NA12815,0.5178828932519832,-0.21352345040766987,-1.0180968282155007,-0.04325712175394053,0.024880023099374725
NA12827,0.5040258015544452,-0.2953930778028767,-1.1682490136722545,-0.10987755713471466,0.08125272918541585
NA12829,0.5004476757814152,-0.37153490541432177,-0.8236824090115767,0.006677103814675542,-0.057300586380401815
NA12830,0.5015148503130019,-0.31736805666119794,-0.7784244901302461,-0.036133826305461095,-0.07849460170946605
NA12842,0.5158631168061809,-0.31739204008434846,-0.9805677025833917,-0.016455497783227847,-7.838924000780999e-4
NA12843,0.5117177847767295,-0.14555137060949883,-1.0655075308361095,-0.045592488890688614,0.022566428146128074
NA12872,0.4994075633093064,-0.32253598653072657,-0.9140848119820509,-0.20859662370149923,0.01297241140021875
NA12873,0.5145665532640579,-0.2815285353281543,-0.8907112556015907,-0.01208458395568075,0.11367857416659671
NA12874,0.5049862354441561,-0.37213542570680525,-0.9509575500059663,-0.0796958901975648,0.0408756008217544
NA12889,0.4986556707208126,-0.3879141652008204,-0.45682505578651156,0.023908960600772147,8.039201109627431e-4
NA12890,0.5051285417427899,-0.192529380105485,-1.18629915420103,-0.04213610498861979,0.037554095557277935
NA18486,-2.02388606822045,0.09188096837016076,-0.05839670225989773,2.1687948062930347,4.076404400375735
NA18488,-2.0130468832047943,0.024197520501465928,0.4877223741121087,-1.535045379591143,0.7892952272560029
NA18489,-2.0084281333067633,0.08662688528852043,0.3584488715659361,-0.4197930809531912,0.06995132527658944
NA18498,-2.0075828606234807,0.0053903701664832744,-0.09563839810744838,2.869146463884812,-1.176370836436377
NA18499,-2.021881743876978,0.046829279706987074,-0.0694749967125076,2.286859231755532,-5.297594576932632
NA18502,-2.032314171738556,0.10680132036223723,0.1375650833123442,0.6962695738033836,-0.465513126021015
NA18505,-2.0364203330563995,0.034536369838146834,-0.0837088009205341,-1.7913283479463435,-4.2728329649333565
NA18508,-2.036544342795483,-0.04075918206458062,-0.42092860917315783,4.964401695150007,-0.3669939698466211
NA18510,-2.0236768325067342,0.028153599024805392,0.13170929241993937,-0.397312717701404,1.3757073502451866
NA18511,-2.008236779784951,0.08391891894512522,0.025408303314461995,1.292060399528494,-0.5358531982440937
NA18517,-2.0313873189194753,0.011395138733035168,-0.012667893255891526,1.0745849958198683,-2.6159805747055103
NA18519,-2.031441645470967,0.02521534696942451,0.009819922930581836,-4.431624176910114,-1.3329057238267574
NA18520,-2.0103971859980625,-0.021963742089469634,0.10975023679564117,1.3659386779783165,3.258585642863652
NA18858,-2.0335478573142067,-0.04136407380336742,-0.3016772215586631,-0.41939294253329373,-0.925117677432283
NA18861,-2.029795446025978,0.059249533037848974,0.29163179034438147,-2.054685217489501,0.6790133116751054
NA18867,-1.9963553487674361,0.036981668318622735,-0.45123550555738895,0.5565639899374386,-1.0004260497143638
NA18868,-2.020286806974525,-0.02625220963084199,0.09290592184636781,5.264297247597696,1.1412610036401647
NA18870,-2.0504023725086618,-0.02333678512693277,-0.03469066219081367,0.164813916049388,1.768456085203915
NA18873,-2.0137338774794817,0.05201109018872243,-0.246819754448278,0.1945181314715938,2.4902856016381953
NA18907,-2.0104690757609385,0.04858328928898455,-0.18384896060403066,0.9861121172367203,-0.02891620178853748
NA18908,-2.021392912624185,0.010172281849965003,0.11327867731616204,2.2368118704539417,-1.1230341038340894
NA18909,-2.0435432499872146,0.022860942498257392,-0.03714249875178627,0.6134333972628768,-0.30505120443524425
NA18910,-1.9951709437605294,0.03433000909899921,-0.22274740132832868,1.3884596798985303,-4.1297428630809865
NA18912,-2.039176840551292,0.016667957943108692,0.1057351690107128,5.053134246536721,-0.8861906546208983
NA18916,-2.030097461605897,0.05572291796070042,-0.1904492169908187,-0.7609933745568955,-0.5740184183648188
NA18917,-2.010709925118016,0.021274839335657936,-0.05104711259908182,-0.49795822762901243,-0.6835434667507908
NA18923,-2.017512069445971,-0.023220753667434417,0.08244285705572799,1.5617275069831045,3.8587397854865455
NA18933,-2.0255667074762913,0.017050404111685628,-0.32252231018828487,-2.577447319531843,1.981777502680295
NA18934,-2.0299655661619473,-0.0028887896695868696,0.32734626093022245,-0.9969871952581973,3.06725776478572
NA19092,-2.0371319696116936,-0.01530578968688257,0.13816504356629847,-0.49167222524558424,5.0645809799235355
NA19093,-2.010388851644216,0.10501306048349822,-0.03507977873409336,-1.4642047151463777,-0.1570279466966301
NA19095,-2.0272408315515245,0.07565675428222565,0.37053168889437293,-0.13278127705901135,-2.5993041591498613
NA19096,-2.0183439392871008,0.019999209502507154,-0.2970017127302856,0.06512735528990303,-0.6723251362630449
NA19098,-2.031339346002057,0.0016538345159718667,-0.40222731026804703,0.7231006546186601,-1.433645587123328
NA19099,-2.048949836678921,-0.05132044861005835,0.19547755711156878,1.6561266007761888,1.0425809284862753
NA19102,-2.039542147073035,-0.016292121994438215,0.6426097392078034,-1.2958570893573695,3.4627022015438267
NA19107,-2.0233734979695397,0.049936112894085775,0.21229867471205918,-2.9853932173495945,2.5483949088051103
NA19108,-2.021936272209493,0.0437798636258207,0.244988959996326,-0.02623478148808258,-0.9013921547343469
NA19113,-2.013449882577401,-0.03146459847171671,-0.35992761953880154,-0.1909465328198766,0.07036091941709378
NA19114,-2.0188511033736174,-0.0031641862431079936,-0.3711565264693067,0.7623692340463009,-3.4227172303611284
NA19116,-2.031223376266724,-0.014280931749613738,0.2857541500478792,-1.1090964223949964,-3.8546503031158528
NA19117,-2.0298727622210304,0.034826966943132025,-0.10069476197721704,0.49365053568250095,-0.5573328523288908
NA19118,-1.9726181987651505,-0.03850299150929208,0.423120542371002,-1.6342144438665545,1.222246551427418
NA19119,-2.043907417836105,0.0023259740777730573,-0.03553196894796582,-6.527311829986643,-1.6614661852686998
NA19121,-2.0260538769529046,-0.04718371993505139,-0.07266612098435736,2.78784733799464,-2.6789927153444935
NA19129,-2.0246083306831966,0.010482234599834857,-0.12689393758421497,-2.3290186535325827,-0.3143595255600099
NA19130,-2.033801709308635,0.010404407906946286,0.022277169981401862,0.9105476933835116,2.116832908828206
NA19131,-2.04450750269088,0.05882572658580609,-0.08828138918302093,0.06104954634227579,0.5406208280963285
NA19137,-2.0204191456239937,0.045840190684941697,-0.05951682605156895,-0.6933069482065858,1.0061480261055793
NA19138,-2.039998391323777,-0.0426522183089849,-0.48983837539877473,1.2781001967529229,-1.5498481216759987
NA19141,-2.031894961864273,0.012981278256254171,-0.5716608410945344,2.0497376329083417,4.083818354116953
NA19143,-2.0416551806445264,-0.026197695763276102,0.08101719122363266,0.7195174253693422,0.11253919309687499
NA19144,-2.029309403251017,-0.021721948118392807,0.47181085497010516,5.315274581402771,3.031018585605931
NA19146,-2.027253338857554,-0.021187867106162,-0.2021734289918109,-3.1261912114076678,-0.05418313400307355
NA19147,-2.024645049224813,0.03349795045830103,-8.184686266940287e-4,1.758301571882843,-1.7963951506794942
NA19149,-2.042434698618784,0.021805827290896185,-0.10852171304361767,-1.4929302713253993,2.318829428101664
NA19152,-2.037052005027257,0.04592627075197431,0.4935752787726753,1.300195171397392,0.9855542480967132
NA19153,-2.040004371916242,0.00878052061520213,-0.3984101359056117,0.27589715713112906,0.8880166473245061
NA19159,-2.0318622396992123,-0.0010447651204381553,-0.45661464347493724,4.4339119486813265,-3.5041872194374077
NA19160,-2.0365384707228213,0.008696761562615868,-0.010909215224712793,-1.666186231838847,0.5790243014743726
NA19171,-2.0233148637998792,0.020884595153928553,-0.3317243922773132,-0.08263521439811566,-3.057046772000571
NA19172,-2.031491437422154,0.03481274197457745,-0.21859083092858006,-4.53159408017473,0.11887716865682031
NA19175,-2.026696287313553,0.04025894071684538,-0.044025531427137235,-1.2399065399953635,-2.072229753521365
NA19184,-2.0161753543546954,-0.03729300039923067,-0.140810539351136,-0.5861290178219786,-0.2440386039185653
NA19185,-2.0172339096473255,0.019812954937951474,-0.04858482625717037,-3.8139810351205123,0.8308470166178312
NA19189,-2.013037265672255,0.0062632562317691985,-0.5901440594656473,3.2704665729160904,1.9065916993033254
NA19190,-2.0111869736524852,0.03360142083013127,0.05490180721036582,2.37227268915051,1.7921920357627685
NA19197,-2.022095562957388,-0.01257066062956221,-0.4407330809292197,0.2042326632348685,1.1573126745042486
NA19198,-2.032602579603153,-0.009569596086262105,0.11676263652358221,0.4640652955310453,0.786749038572568
NA19200,-2.0323451774205314,0.016383796028700947,-0.4090487013978656,-3.8765200951017995,-1.8424704371013407
NA19201,-2.044086186644398,-0.035944064560907915,0.3720424873666303,-5.790603864584711,1.0978525903673624
NA19204,-2.037245514752954,0.04612471408421799,-0.12356391296830103,0.7363284966633104,-7.53680579740325
NA19206,-2.0414871922083937,0.02903142395068544,-0.03109877939148103,-0.482323777745349,3.2002922954598367
NA19207,-2.0369785925871793,0.04992638568207928,0.094765924283959,2.66567069888823,0.028519005475756597
NA19209,-2.025056039168041,0.07351642216643191,-0.03429691512656663,-2.525715183382719,-0.052753678390893725
NA19210,-2.0259418286254673,0.006545321156749884,-0.015352220543208823,-0.9101580986894287,1.1139654714302925
NA19213,-2.0170289051293033,0.026332014915395847,-0.15630086062382312,-1.763551880668223,-1.7056825221531438
NA19214,-2.0348290918559,-0.009670228925569289,-0.33759905443249083,2.104464155285284,-0.09620257338653268
NA19222,-2.0243934605242178,0.020694240553180213,0.14958709507577103,-0.6338860194638818,1.3958814530560957
NA19223,-2.040299877817321,0.028059479798033,-0.016588749182801045,-1.893978871544726,-1.6810066547476465
NA19225,-2.0103234159912327,-0.01579267558250754,-0.22041882175727562,-0.3765779198006333,0.28405639673299954
NA19235,-2.0256462151737322,0.024721876409952222,0.14612964441500878,-0.7167711998034004,0.38406443960865955
NA19236,-2.02531858903287,0.0203887566851234,0.493459990984949,-0.14827060154615518,2.8231355799050513
NA19247,-2.0050433130274197,-0.02904797662908617,-0.11098401204900181,1.7744506783461713,0.2113933025561738
NA19248,-2.018074968765637,0.0077741092716045075,-0.27845309317676037,-2.5055711916290098,-3.269276281705404
NA19256,-2.022601600899068,0.019175083606474852,-0.3116341540088176,0.5926823596294838,-2.1968115093180134
NA19257,-2.027518880512727,-0.01599838162943328,0.2952285601044584,-0.547841734994343,3.947112432656374
NA20502,0.4630215769511643,-1.243794862343376,1.5675237402375337,0.009103728769972248,-0.11966399558726797
NA20503,0.4636213013189846,-1.1154586444769,1.500328760934833,0.11314558686848596,0.00899576566516163
NA20504,0.4601044466898388,-1.1268059358725462,1.319918971033049,-0.01951584612337161,-0.07807142873197871
NA20505,0.45717486427754006,-1.194626988727406,1.3312416500131896,0.0815906589390275,-0.12612797007777543
NA20506,0.46047252280989404,-1.2808186483164372,1.6666462212692275,-0.017663550139568922,-0.08255420020445213
NA20507,0.4541322184774456,-1.1615608055763196,1.283090519246088,0.15731488380737438,-0.09060428635084386
NA20508,0.45763456900476673,-1.226331417343571,1.394307422111946,-0.03050510391481399,-0.11616154301484669
NA20509,0.44947415861381107,-1.2169765089887021,1.3281310366652328,0.09306286520864039,0.03254568848949365
NA20510,0.4469766968167927,-1.1886457594776438,1.3549949294174575,0.024511339765725313,-0.11279628114778885
NA20512,0.4577957188364034,-1.1879258329673068,1.6844480578325427,0.025879081973162035,-0.1077469373776567
NA20513,0.44454544744745833,-1.2759361496308783,1.334394114490583,-0.02615101907629679,0.09701467047497647
NA20514,0.4565111942915637,-1.237485773385748,1.640936182397128,0.049185055500134515,-0.12618567291332553
NA20515,0.4666925504351992,-1.1400135013896247,1.3570222220821277,-0.18584190908363435,-0.17716467453201498
NA20516,0.4592556032526961,-1.2190733975976418,1.4576618728352553,0.013943929002750845,-0.15359372321736603
NA20517,0.45845671471821353,-1.1911244323515486,1.5291183475007957,0.021119972157806532,0.0462336330543485
NA20518,0.4649114886586632,-1.1684909935377972,1.634568657904595,-0.02052802106377093,-0.1660187981144925
NA20519,0.4464511790683996,-1.2185691244947205,1.444345862490069,0.04970810879241611,-0.14090193334051757
NA20520,0.44415796532990715,-1.1468123261259466,1.474288859195578,-0.026384000535105777,-0.11272429166712505
NA20521,0.448992745289264,-1.3045550268673347,1.6078520648381176,-0.012595359236986669,-0.11504357207021929
NA20524,0.46717045904738214,-1.0358384318471487,1.1307525116021815,0.01819269586384295,0.029891226628272108
NA20525,0.4467505983406647,-1.1740938151882003,1.366394198932862,0.10387035471507979,0.0603307290755331
NA20527,0.4604995869853566,-1.1418176147769712,1.2154585710343435,0.08864719821085937,-0.03486772691288055
NA20528,0.4456110878290709,-1.1846309126352936,1.4481361407406381,0.108406283315222,-0.01310786957739981
NA20529,0.44913430747208283,-1.282369432869132,1.519681173856349,-0.02211915311664465,-0.06526284091159702
NA20530,0.4561939861529749,-1.1901123985322044,1.3032635707667253,-0.017761654759436866,0.1893265043310938
NA20531,0.45148853297585456,-1.284899398157273,1.8166886276034564,0.0032904326945925352,-0.06455351690247028
NA20532,0.45639470392878606,-1.2522381530272328,1.5975148785318747,5.72170173311111e-4,-0.19045664080389277
NA20534,0.45422830388755475,-1.198416777375504,1.3662546217137808,0.009391184819792132,-0.09184036619752453
NA20535,0.45292354604963503,-1.1469187936502112,1.0584605399723461,-0.0344884045526682,-0.006363665935720911
NA20536,0.4660779738900731,-1.1391538655098794,1.343941476567426,0.06385444381563671,-0.09575756907840818
NA20538,0.45253075715383156,-1.2817856700032346,1.6814436648733035,0.009535794389280773,-0.04501808491162165
NA20539,0.45605867521669446,-1.2723480481573017,1.4969120365210924,-0.03289701744888506,-0.14625422815611663
NA20540,0.4582008737751204,-1.1575165498808224,1.2521951755716856,0.034718161991759,-0.14700234501208784
NA20541,0.46329115609894767,-1.2433235754578469,1.549880777041281,0.07036850544078517,0.060938903850478086
NA20542,0.461854991994088,-1.1891345432777964,1.1511514594813257,0.13380339717298315,0.052675481464040136
NA20543,0.4563628772983772,-1.2053509057223457,1.2229885868322399,0.1446343810646155,-0.03991619290604383
NA20544,0.4597924812066534,-1.2475341716945219,1.3401057793796087,-0.011675709016236154,-0.09674385237783163
NA20581,0.46661586072639244,-1.1895876990592014,1.5078434229531457,0.09860710974879866,-0.01627925277332156
NA20582,0.44231097198196884,-1.1707354278023538,1.2783674275020567,-6.648955660089143e-4,-0.040333727636891394
NA20585,0.4589863230529458,-1.2302808176307134,1.548004862215383,0.01092681076972097,-0.010149516042505451
NA20586,0.45966397432762013,-1.2428237464281333,1.6526949444227959,0.022686377027779755,-0.04816275036482569
NA20588,0.4582897390155485,-1.2353883595497548,1.304858454522182,0.096325574611939,-0.05591581943052644
NA20589,0.45435158247309204,-1.3370671972908257,1.5219139913828397,-0.035818670625567206,0.08170867042489062
NA20752,0.45449074568608544,-1.2746002244394046,1.6401445050489492,0.039676814531985544,-0.09597004879281135
NA20754,0.4619196116201163,-1.2737082597321674,1.680200232700376,-0.0866577366850562,-0.005881345418571663
NA20756,0.4523801075835986,-1.0547125456754896,1.3942662148458767,-0.04638461895586949,-0.12323204100479329
NA20757,0.4440718441918012,-1.183129563316348,1.421591272874291,-0.03154470706722888,0.021556170183881205
NA20758,0.4570333295340413,-1.108341557300045,1.474487477937954,0.12426152303995802,-0.11021233921964334
NA20759,0.46377661579678986,-1.116068631617793,1.1283272957703423,-0.024065730412054794,-0.23127298320408846
NA20760,0.4549510556940638,-1.1015399373261083,1.1774318319388972,0.17282782633220686,-0.06648554045763103
NA20761,0.46620847200992366,-1.1232130109526757,1.290546919359318,-0.04140958685929074,-0.040376934389352324
NA20765,0.45379521974316483,-1.17758092635323,1.7750103731877005,1.2543431258450847e-4,-0.11197345230535462
NA20766,0.44972148454443933,-1.1915104909559338,1.1605041441626354,0.02388906936330718,-0.030110278756594045
NA20768,0.4586650249788781,-1.232979384194214,1.478387069111453,-0.04259761677704553,0.02398796497685784
NA20769,0.459060707874361,-1.14574342325416,1.4315497426822492,0.04462742400451773,-0.07010556539545475
NA20770,0.44429889381829446,-1.301729632540362,1.5839898746945753,0.07027444887482355,-0.1902317800444198
NA20771,0.4565289721975946,-1.2273855502214868,1.4871172848608303,0.036158331121036544,-0.13281060582461382
NA20772,0.4589857198763507,-1.2886644476955116,1.5960165739165888,0.03901982330471375,0.013141173951782721
NA20773,0.4584217823857565,-1.1444394651957104,1.217086109139901,0.09609129403316816,0.006744418829032546
NA20774,0.449785561082459,-1.2349232791075258,1.5476327749671122,0.010548757375227622,-0.07689892121813545
NA20778,0.46576430920015394,-1.1767863424333553,1.3382514883402785,0.024151907249230258,-0.09943305875235726
NA20783,0.4548701472973147,-1.2884318440039164,1.493977339899432,-0.14637919331189891,-0.1335773349442482
NA20785,0.4568518471638916,-1.1331969269876498,1.290801976293477,-0.09931083316153085,-0.1339923022987081
NA20786,0.4422414340882165,-1.2650198648856001,1.5163468833958877,-0.021208662710640293,0.11333838831575549
NA20787,0.4464831044131191,-1.2983503992466072,1.6749702217114482,0.049146983130323306,-0.1434802727162307
NA20790,0.45857314814783673,-1.1926667297027502,1.6946894426207668,0.05616454543827879,0.03238124544068234
NA20792,0.46655692175394997,-1.2161225356820893,1.3446956469373066,-0.08705796975186127,-0.06037693077863293
NA20795,0.4494306102939609,-1.3209589370310546,1.9390006027603839,0.051787675908483856,0.03666586591137951
NA20796,0.45333551574170716,-1.1753762655338618,1.6069921177684168,0.03948848543573235,0.04794051298501619
NA20797,0.446180521844538,-1.1360061539474675,1.4385064426619798,-0.03953203321055748,-0.030977941678773945
NA20798,0.45963117822427463,-1.2679120584387866,1.5500361794559299,-0.053358129315758424,-0.20920842689716265
NA20799,0.46451376943529976,-1.298055130078558,1.3847897390143313,-0.07174999621264956,-0.010243447698792795
NA20800,0.4586819108770037,-1.2005472844253746,1.228974217830513,0.06319899069312011,-0.13375876801404082
NA20801,0.46206159267850705,-1.1762170458474774,1.5414356629854016,-0.046958761852132824,-0.012152714145070484
NA20802,0.44956431360111676,-1.2452499711474794,1.5785031294697074,0.1227764575510787,-0.0446339061140915
NA20803,0.46449068180159303,-1.1943143295787562,1.400750273596551,0.07201459396506245,-0.04634199435875438
NA20804,0.44844703689683996,-1.2293892599946838,1.3315944373142325,0.13524596015390097,0.056107790199317366
NA20805,0.4551727252438236,-1.185935582612626,1.5564459091639076,-0.029069811793503753,0.04146576793211166
NA20806,0.44669792452659646,-1.2249723596178876,1.4094046294767073,-0.04151035704012396,-0.045186321020801674
NA20807,0.4602064045783759,-1.1653048138794377,1.2043414329584916,-0.09675749267926853,-0.1185869552055204
NA20808,0.45082958364034703,-1.193175559639247,1.5219415449321567,0.028034448676262008,-0.05601707567388444
NA20809,0.45161480174007457,-1.2288642648757264,1.2768695577847344,0.036773975943873806,-0.056354282588088146
NA20810,0.45310260554048576,-1.2508153597952005,1.4350529229687894,0.017693090502915766,0.017955594605056517
NA20811,0.4523219475182025,-1.18133455703853,1.2521765000139866,0.035426697931930415,7.141894099160031e-4
NA20812,0.46181768611337154,-1.1226287485684507,1.2635329111396445,0.030630633284306392,-0.06404347998058545
NA20813,0.4551713401453889,-1.1207374216221127,1.3413761482663955,0.10290075196640414,0.06028672465559457
NA20814,0.4473111697004916,-1.162385019428191,1.415547298138267,-0.14375127379534586,0.04747083052812568
NA20815,0.45549114779842775,-1.2066174034940755,1.5184196470312554,-2.2043690410661866e-4,-0.045362525739350346
NA20819,0.45417426180060577,-1.0352676060714074,1.3405988910346798,0.09495389900958373,-0.12701597484117697
NA20826,0.4632972597961813,-1.2353489030823779,1.5554664014822932,-0.07485538458861046,-0.04073153999389884
NA20828,0.4516624618984226,-1.2546180289718925,1.4405071861593208,-0.016596163505278524,-0.026484989320797153
